-- phpMyAdmin SQL Dump
-- version 4.6.5.2
-- https://www.phpmyadmin.net/
--
-- Host: 127.0.0.1
-- Gegenereerd op: 31 mei 2017 om 12:41
-- Serverversie: 10.1.21-MariaDB
-- PHP-versie: 5.6.30

SET SQL_MODE = "NO_AUTO_VALUE_ON_ZERO";
SET time_zone = "+00:00";


/*!40101 SET @OLD_CHARACTER_SET_CLIENT=@@CHARACTER_SET_CLIENT */;
/*!40101 SET @OLD_CHARACTER_SET_RESULTS=@@CHARACTER_SET_RESULTS */;
/*!40101 SET @OLD_COLLATION_CONNECTION=@@COLLATION_CONNECTION */;
/*!40101 SET NAMES utf8mb4 */;

--
-- Database: `praesentia`
--

-- --------------------------------------------------------

--
-- Tabelstructuur voor tabel `courses`
--

CREATE TABLE `courses` (
  `id` int(10) NOT NULL,
  `name` varchar(255) NOT NULL,
  `year` int(10) NOT NULL,
  `period` int(10) NOT NULL
) ENGINE=InnoDB DEFAULT CHARSET=latin1;

--
-- Gegevens worden geëxporteerd voor tabel `courses`
--

INSERT INTO `courses` (`id`, `name`, `year`, `period`) VALUES
(1, 'Wiskunde', 2017, 1),
(2, 'Nederlands', 2017, 1),
(3, 'Engels', 2017, 1),
(4, 'Webdev', 2017, 1);

-- --------------------------------------------------------

--
-- Tabelstructuur voor tabel `groups`
--

CREATE TABLE `groups` (
  `id` int(10) NOT NULL,
  `name` varchar(255) NOT NULL,
  `school_year` int(10) NOT NULL,
  `period` int(10) NOT NULL,
  `education_id` int(10) NOT NULL,
  `active` tinyint(1) NOT NULL
) ENGINE=InnoDB DEFAULT CHARSET=latin1;

--
-- Gegevens worden geëxporteerd voor tabel `groups`
--

INSERT INTO `groups` (`id`, `name`, `school_year`, `period`, `education_id`, `active`) VALUES
(40, 'WFHBOICT.V1A', 2017, 1, 1, 0),
(41, 'WFHBOICT.V1B', 2017, 1, 1, 1),
(42, 'WFHBOICT.V1C', 2017, 1, 1, 1),
(43, 'WFHBOICT.V1D', 2017, 1, 1, 1),
(44, 'WFHBOICT.V1E', 2017, 1, 1, 1),
(45, 'WFHBOICT.V1F', 2017, 1, 1, 1),
(46, 'WFHBOICT.V1G', 2017, 1, 1, 1),
(47, 'WFHBOICT.V1H', 2017, 1, 1, 1),
(48, 'WFHBOICT.V1I', 2017, 1, 1, 1),
(54, 'WFHBOICT.V1A', 123, 123, 0, 1);

-- --------------------------------------------------------

--
-- Tabelstructuur voor tabel `group_has_users`
--

CREATE TABLE `group_has_users` (
  `id` int(11) UNSIGNED NOT NULL,
  `user_id` int(10) NOT NULL,
  `group_id` int(10) NOT NULL,
  `active` int(11) NOT NULL
) ENGINE=InnoDB DEFAULT CHARSET=latin1;

--
-- Gegevens worden geëxporteerd voor tabel `group_has_users`
--

INSERT INTO `group_has_users` (`id`, `user_id`, `group_id`, `active`) VALUES
(1912, 561, 40, 0),
(1913, 562, 40, 0),
(1914, 563, 40, 0),
(1915, 564, 40, 0),
(1916, 565, 40, 0),
(1917, 566, 40, 0),
(1918, 567, 40, 0),
(1919, 568, 40, 0),
(1920, 569, 40, 0),
(1921, 570, 40, 0),
(1922, 571, 40, 0),
(1923, 572, 41, 0),
(1924, 573, 41, 0),
(1925, 574, 41, 0),
(1926, 575, 41, 0),
(1927, 576, 41, 0),
(1928, 577, 41, 0),
(1929, 578, 41, 0),
(1930, 579, 41, 0),
(1931, 580, 41, 0),
(1932, 581, 41, 0),
(1933, 582, 41, 0),
(1934, 583, 42, 0),
(1935, 584, 42, 0),
(1936, 585, 42, 0),
(1937, 586, 42, 0),
(1938, 587, 42, 0),
(1939, 588, 42, 0),
(1940, 589, 42, 0),
(1941, 590, 42, 0),
(1942, 591, 42, 0),
(1943, 592, 42, 0),
(1944, 593, 42, 0),
(1945, 594, 42, 0),
(1946, 595, 42, 0),
(1947, 596, 43, 0),
(1948, 597, 43, 0),
(1949, 598, 43, 0),
(1950, 599, 43, 0),
(1951, 600, 43, 0),
(1952, 601, 43, 0),
(1953, 602, 43, 0),
(1954, 603, 43, 0),
(1955, 604, 43, 0),
(1956, 605, 44, 0),
(1957, 606, 44, 0),
(1958, 607, 44, 0),
(1959, 608, 44, 0),
(1960, 609, 44, 0),
(1961, 610, 44, 0),
(1962, 611, 44, 0),
(1963, 612, 44, 0),
(1964, 613, 44, 0),
(1965, 614, 44, 0),
(1966, 615, 44, 0),
(1967, 616, 45, 0),
(1968, 617, 45, 0),
(1969, 618, 45, 0),
(1970, 619, 45, 0),
(1971, 620, 45, 0),
(1972, 621, 45, 0),
(1973, 622, 45, 0),
(1974, 623, 45, 0),
(1975, 624, 45, 0),
(1976, 625, 45, 0),
(1977, 626, 46, 0),
(1978, 627, 46, 0),
(1979, 628, 46, 0),
(1980, 629, 46, 0),
(1981, 630, 46, 0),
(1982, 631, 46, 0),
(1983, 632, 46, 0),
(1984, 633, 46, 0),
(1985, 634, 46, 0),
(1986, 635, 46, 0),
(1987, 636, 46, 0),
(1988, 637, 47, 0),
(1989, 638, 47, 0),
(1990, 639, 47, 0),
(1991, 640, 47, 0),
(1992, 641, 47, 0),
(1993, 642, 47, 0),
(1994, 643, 47, 0),
(1995, 644, 47, 0),
(1996, 645, 47, 0),
(1997, 646, 47, 0),
(1998, 647, 47, 0),
(1999, 648, 47, 0),
(2000, 649, 48, 0),
(2001, 650, 48, 0),
(2002, 651, 48, 0),
(2003, 561, 40, 1),
(2004, 562, 40, 1),
(2005, 563, 40, 1),
(2006, 564, 40, 1),
(2007, 565, 40, 1),
(2008, 566, 40, 1),
(2009, 567, 40, 1),
(2010, 568, 40, 1),
(2011, 569, 40, 1),
(2012, 570, 40, 1),
(2013, 571, 40, 1),
(2014, 572, 41, 1),
(2015, 573, 41, 1),
(2016, 574, 41, 1),
(2017, 575, 41, 1),
(2018, 576, 41, 1),
(2019, 577, 41, 1),
(2020, 578, 41, 1),
(2021, 579, 41, 1),
(2022, 580, 41, 1),
(2023, 581, 41, 1),
(2024, 582, 41, 1),
(2025, 583, 42, 1),
(2026, 584, 42, 1),
(2027, 585, 42, 1),
(2028, 586, 42, 1),
(2029, 587, 42, 1),
(2030, 588, 42, 1),
(2031, 589, 42, 1),
(2032, 590, 42, 1),
(2033, 591, 42, 1),
(2034, 592, 42, 1),
(2035, 593, 42, 1),
(2036, 594, 42, 1),
(2037, 595, 42, 1),
(2038, 596, 43, 1),
(2039, 597, 43, 1),
(2040, 598, 43, 1),
(2041, 599, 43, 1),
(2042, 600, 43, 1),
(2043, 601, 43, 1),
(2044, 602, 43, 1),
(2045, 603, 43, 1),
(2046, 604, 43, 1),
(2047, 605, 44, 1),
(2048, 606, 44, 1),
(2049, 607, 44, 1),
(2050, 608, 44, 1),
(2051, 609, 44, 1),
(2052, 610, 44, 1),
(2053, 611, 44, 1),
(2054, 612, 44, 1),
(2055, 613, 44, 1),
(2056, 614, 44, 1),
(2057, 615, 44, 1),
(2058, 616, 45, 1),
(2059, 617, 45, 1),
(2060, 618, 45, 1),
(2061, 619, 45, 1),
(2062, 620, 45, 1),
(2063, 621, 45, 1),
(2064, 622, 45, 1),
(2065, 623, 45, 1),
(2066, 624, 45, 1),
(2067, 625, 45, 1),
(2068, 626, 46, 1),
(2069, 627, 46, 1),
(2070, 628, 46, 1),
(2071, 629, 46, 1),
(2072, 630, 46, 1),
(2073, 631, 46, 1),
(2074, 632, 46, 1),
(2075, 633, 46, 1),
(2076, 634, 46, 1),
(2077, 635, 46, 1),
(2078, 636, 46, 1),
(2079, 637, 47, 1),
(2080, 638, 47, 1),
(2081, 639, 47, 1),
(2082, 640, 47, 1),
(2083, 641, 47, 1),
(2084, 642, 47, 1),
(2085, 643, 47, 1),
(2086, 644, 47, 1),
(2087, 645, 47, 1),
(2088, 646, 47, 1),
(2089, 647, 47, 1),
(2090, 648, 47, 1),
(2091, 649, 48, 1),
(2092, 650, 48, 1),
(2093, 651, 48, 1),
(2094, 193, 48, 1),
(2095, 10, 0, 0),
(2096, 10, 0, 0),
(2097, 10, 0, 0),
(2098, 10, 0, 1);

-- --------------------------------------------------------

--
-- Tabelstructuur voor tabel `lectures`
--

CREATE TABLE `lectures` (
  `id` int(10) NOT NULL,
  `date` date NOT NULL,
  `start_time` varchar(5) NOT NULL DEFAULT '',
  `end_time` varchar(5) NOT NULL DEFAULT '',
  `room_id` int(10) NOT NULL,
  `course_id` int(10) NOT NULL,
  `user_id` int(11) NOT NULL
) ENGINE=InnoDB DEFAULT CHARSET=latin1;

--
-- Gegevens worden geëxporteerd voor tabel `lectures`
--

INSERT INTO `lectures` (`id`, `date`, `start_time`, `end_time`, `room_id`, `course_id`, `user_id`) VALUES
(59, '2017-05-19', '08:30', '10:30', 1, 1, 3),
(60, '2017-05-19', '10:30', '12:30', 2, 2, 3),
(61, '2017-05-19', '12:30', '14:30', 3, 3, 3),
(62, '2017-05-19', '14:30', '16:30', 4, 4, 3),
(63, '2017-05-19', '08:30', '10:30', 1, 2, 3),
(64, '2017-05-19', '10:30', '12:30', 2, 1, 3),
(65, '2017-05-19', '12:30', '14:30', 3, 4, 3),
(66, '2017-05-19', '14:30', '16:30', 4, 3, 193),
(67, '2017-05-19', '08:30', '10:30', 1, 4, 193),
(68, '2017-05-19', '10:30', '12:30', 2, 3, 3),
(69, '2017-05-19', '12:30', '14:30', 3, 2, 193),
(70, '2017-05-19', '14:30', '16:30', 4, 1, 12),
(71, '2017-05-21', '08:30', '10:30', 1, 1, 193),
(72, '2017-05-21', '10:30', '12:30', 2, 2, 10),
(73, '2017-05-21', '12:30', '14:30', 3, 3, 193),
(74, '2017-05-21', '14:30', '16:30', 4, 4, 3),
(75, '2017-05-21', '08:30', '10:30', 1, 2, 12),
(76, '2017-05-21', '10:30', '12:30', 2, 1, 11),
(77, '2017-05-21', '12:30', '14:30', 3, 4, 10),
(78, '2017-05-21', '14:30', '16:30', 4, 3, 3),
(79, '2017-05-21', '08:30', '10:30', 1, 4, 193),
(80, '2017-05-21', '10:30', '12:30', 2, 3, 12),
(81, '2017-05-21', '12:30', '14:30', 3, 2, 9),
(82, '2017-05-21', '14:30', '16:30', 4, 1, 11),
(83, '2017-05-22', '08:30', '10:30', 1, 1, 12),
(84, '2017-05-22', '10:30', '12:30', 2, 2, 10),
(85, '2017-05-22', '12:30', '14:30', 3, 3, 11),
(86, '2017-05-22', '14:30', '16:30', 4, 4, 12),
(87, '2017-05-22', '08:30', '10:30', 1, 2, 3),
(88, '2017-05-22', '10:30', '12:30', 2, 1, 9),
(89, '2017-05-22', '12:30', '14:30', 3, 4, 193),
(90, '2017-05-22', '14:30', '16:30', 4, 3, 3),
(91, '2017-05-22', '08:30', '10:30', 1, 4, 12),
(92, '2017-05-22', '10:30', '12:30', 2, 3, 193),
(93, '2017-05-22', '12:30', '14:30', 3, 2, 9),
(94, '2017-05-22', '14:30', '16:30', 4, 1, 193);

-- --------------------------------------------------------

--
-- Tabelstructuur voor tabel `lecture_has_groups`
--

CREATE TABLE `lecture_has_groups` (
  `id` int(10) UNSIGNED NOT NULL,
  `group_id` int(10) NOT NULL,
  `lecture_id` int(10) NOT NULL
) ENGINE=InnoDB DEFAULT CHARSET=latin1;

--
-- Gegevens worden geëxporteerd voor tabel `lecture_has_groups`
--

INSERT INTO `lecture_has_groups` (`id`, `group_id`, `lecture_id`) VALUES
(49, 40, 59),
(50, 40, 60),
(51, 40, 61),
(52, 40, 62),
(61, 40, 71),
(62, 40, 72),
(63, 40, 73),
(64, 40, 74),
(73, 40, 83),
(74, 40, 84),
(75, 40, 85),
(76, 40, 86),
(53, 41, 63),
(54, 41, 64),
(55, 41, 65),
(56, 41, 66),
(65, 41, 75),
(66, 41, 76),
(67, 41, 77),
(68, 41, 78),
(77, 41, 87),
(78, 41, 88),
(79, 41, 89),
(80, 41, 90),
(57, 42, 67),
(58, 42, 68),
(59, 42, 69),
(60, 42, 70),
(69, 42, 79),
(70, 42, 80),
(71, 42, 81),
(72, 42, 82),
(81, 42, 91),
(82, 42, 92),
(83, 42, 93),
(84, 42, 94);

-- --------------------------------------------------------

--
-- Tabelstructuur voor tabel `notifications`
--

CREATE TABLE `notifications` (
  `id` int(11) NOT NULL,
  `from_user` int(11) NOT NULL,
  `to_user` int(11) NOT NULL,
  `message` text NOT NULL,
  `seen` tinyint(1) NOT NULL DEFAULT '1',
  `created_at` datetime NOT NULL DEFAULT CURRENT_TIMESTAMP
) ENGINE=InnoDB DEFAULT CHARSET=latin1;

--
-- Gegevens worden geëxporteerd voor tabel `notifications`
--

INSERT INTO `notifications` (`id`, `from_user`, `to_user`, `message`, `seen`, `created_at`) VALUES
(1014, 193, 403, 'Account aan groep gekoppeld.', 0, '2017-05-17 21:45:07'),
(1015, 193, 404, 'Account aan groep gekoppeld.', 0, '2017-05-17 21:45:07'),
(1016, 193, 405, 'Account aan groep gekoppeld.', 0, '2017-05-17 21:45:07'),
(1017, 193, 406, 'Account aan groep gekoppeld.', 0, '2017-05-17 21:45:07'),
(1018, 193, 407, 'Account aan groep gekoppeld.', 0, '2017-05-17 21:45:07'),
(1019, 193, 408, 'Account aan groep gekoppeld.', 0, '2017-05-17 21:45:07'),
(1020, 193, 409, 'Account aan groep gekoppeld.', 0, '2017-05-17 21:45:07'),
(1021, 193, 410, 'Account aan groep gekoppeld.', 0, '2017-05-17 21:45:07'),
(1022, 193, 411, 'Account aan groep gekoppeld.', 0, '2017-05-17 21:45:07'),
(1023, 193, 412, 'Account aan groep gekoppeld.', 0, '2017-05-17 21:45:07'),
(1024, 193, 413, 'Account aan groep gekoppeld.', 0, '2017-05-17 21:45:07'),
(1025, 193, 414, 'Account aan groep gekoppeld.', 0, '2017-05-17 21:45:07'),
(1026, 193, 415, 'Account aan groep gekoppeld.', 0, '2017-05-17 21:45:07'),
(1027, 193, 416, 'Account aan groep gekoppeld.', 0, '2017-05-17 21:45:07'),
(1028, 193, 417, 'Account aan groep gekoppeld.', 0, '2017-05-17 21:45:07'),
(1029, 193, 418, 'Account aan groep gekoppeld.', 0, '2017-05-17 21:45:07'),
(1030, 193, 419, 'Account aan groep gekoppeld.', 0, '2017-05-17 21:45:07'),
(1031, 193, 420, 'Account aan groep gekoppeld.', 0, '2017-05-17 21:45:07'),
(1032, 193, 421, 'Account aan groep gekoppeld.', 0, '2017-05-17 21:45:07'),
(1033, 193, 422, 'Account aan groep gekoppeld.', 0, '2017-05-17 21:45:07'),
(1034, 193, 423, 'Account aan groep gekoppeld.', 0, '2017-05-17 21:45:07'),
(1035, 193, 424, 'Account aan groep gekoppeld.', 0, '2017-05-17 21:45:07'),
(1036, 193, 425, 'Account aan groep gekoppeld.', 0, '2017-05-17 21:45:07'),
(1037, 193, 426, 'Account aan groep gekoppeld.', 0, '2017-05-17 21:45:07'),
(1038, 193, 427, 'Account aan groep gekoppeld.', 0, '2017-05-17 21:45:07'),
(1039, 193, 428, 'Account aan groep gekoppeld.', 0, '2017-05-17 21:45:07'),
(1040, 193, 429, 'Account aan groep gekoppeld.', 0, '2017-05-17 21:45:07'),
(1041, 193, 430, 'Account aan groep gekoppeld.', 0, '2017-05-17 21:45:07'),
(1042, 193, 431, 'Account aan groep gekoppeld.', 0, '2017-05-17 21:45:07'),
(1043, 193, 432, 'Account aan groep gekoppeld.', 0, '2017-05-17 21:45:07'),
(1044, 193, 433, 'Account aan groep gekoppeld.', 0, '2017-05-17 21:45:07'),
(1045, 193, 434, 'Account aan groep gekoppeld.', 0, '2017-05-17 21:45:07'),
(1046, 193, 435, 'Account aan groep gekoppeld.', 0, '2017-05-17 21:45:07'),
(1047, 193, 436, 'Account aan groep gekoppeld.', 0, '2017-05-17 21:45:07'),
(1048, 193, 437, 'Account aan groep gekoppeld.', 0, '2017-05-17 21:45:07'),
(1049, 193, 438, 'Account aan groep gekoppeld.', 0, '2017-05-17 21:45:07'),
(1050, 193, 439, 'Account aan groep gekoppeld.', 0, '2017-05-17 21:45:07'),
(1051, 193, 440, 'Account aan groep gekoppeld.', 0, '2017-05-17 21:45:07'),
(1052, 193, 441, 'Account aan groep gekoppeld.', 0, '2017-05-17 21:45:07'),
(1053, 193, 442, 'Account aan groep gekoppeld.', 0, '2017-05-17 21:45:07'),
(1054, 193, 443, 'Account aan groep gekoppeld.', 0, '2017-05-17 21:45:07'),
(1055, 193, 444, 'Account aan groep gekoppeld.', 0, '2017-05-17 21:45:07'),
(1056, 193, 445, 'Account aan groep gekoppeld.', 0, '2017-05-17 21:45:07'),
(1057, 193, 446, 'Account aan groep gekoppeld.', 0, '2017-05-17 21:45:07'),
(1058, 193, 447, 'Account aan groep gekoppeld.', 0, '2017-05-17 21:45:07'),
(1059, 193, 448, 'Account aan groep gekoppeld.', 0, '2017-05-17 21:45:07'),
(1060, 193, 449, 'Account aan groep gekoppeld.', 0, '2017-05-17 21:45:07'),
(1061, 193, 450, 'Account aan groep gekoppeld.', 0, '2017-05-17 21:45:07'),
(1062, 193, 451, 'Account aan groep gekoppeld.', 0, '2017-05-17 21:45:07'),
(1063, 193, 452, 'Account aan groep gekoppeld.', 0, '2017-05-17 21:45:07'),
(1064, 193, 453, 'Account aan groep gekoppeld.', 0, '2017-05-17 21:45:07'),
(1065, 193, 454, 'Account aan groep gekoppeld.', 0, '2017-05-17 21:45:07'),
(1066, 193, 455, 'Account aan groep gekoppeld.', 0, '2017-05-17 21:45:07'),
(1067, 193, 456, 'Account aan groep gekoppeld.', 0, '2017-05-17 21:45:07'),
(1068, 193, 457, 'Account aan groep gekoppeld.', 0, '2017-05-17 21:45:07'),
(1069, 193, 458, 'Account aan groep gekoppeld.', 0, '2017-05-17 21:45:07'),
(1070, 193, 459, 'Account aan groep gekoppeld.', 0, '2017-05-17 21:45:07'),
(1071, 193, 460, 'Account aan groep gekoppeld.', 0, '2017-05-17 21:45:07'),
(1072, 193, 461, 'Account aan groep gekoppeld.', 0, '2017-05-17 21:45:07'),
(1073, 193, 462, 'Account aan groep gekoppeld.', 0, '2017-05-17 21:45:07'),
(1074, 193, 463, 'Account aan groep gekoppeld.', 0, '2017-05-17 21:45:07'),
(1075, 193, 464, 'Account aan groep gekoppeld.', 0, '2017-05-17 21:45:07'),
(1076, 193, 465, 'Account aan groep gekoppeld.', 0, '2017-05-17 21:45:07'),
(1077, 193, 466, 'Account aan groep gekoppeld.', 0, '2017-05-17 21:45:08'),
(1078, 193, 467, 'Account aan groep gekoppeld.', 0, '2017-05-17 21:45:08'),
(1079, 193, 468, 'Account aan groep gekoppeld.', 0, '2017-05-17 21:45:08'),
(1080, 193, 378, 'Account aan groep gekoppeld.', 0, '2017-05-17 21:45:23'),
(1081, 193, 379, 'Account aan groep gekoppeld.', 0, '2017-05-17 21:45:23'),
(1082, 193, 380, 'Account aan groep gekoppeld.', 0, '2017-05-17 21:45:23'),
(1083, 193, 381, 'Account aan groep gekoppeld.', 0, '2017-05-17 21:45:23'),
(1084, 193, 382, 'Account aan groep gekoppeld.', 0, '2017-05-17 21:45:23'),
(1085, 193, 383, 'Account aan groep gekoppeld.', 0, '2017-05-17 21:45:23'),
(1086, 193, 384, 'Account aan groep gekoppeld.', 0, '2017-05-17 21:45:23'),
(1087, 193, 385, 'Account aan groep gekoppeld.', 0, '2017-05-17 21:45:23'),
(1088, 193, 386, 'Account aan groep gekoppeld.', 0, '2017-05-17 21:45:23'),
(1089, 193, 387, 'Account aan groep gekoppeld.', 0, '2017-05-17 21:45:23'),
(1090, 193, 388, 'Account aan groep gekoppeld.', 0, '2017-05-17 21:45:23'),
(1091, 193, 389, 'Account aan groep gekoppeld.', 0, '2017-05-17 21:45:23'),
(1092, 193, 390, 'Account aan groep gekoppeld.', 0, '2017-05-17 21:45:23'),
(1093, 193, 391, 'Account aan groep gekoppeld.', 0, '2017-05-17 21:45:23'),
(1094, 193, 392, 'Account aan groep gekoppeld.', 0, '2017-05-17 21:45:23'),
(1095, 193, 393, 'Account aan groep gekoppeld.', 0, '2017-05-17 21:45:23'),
(1096, 193, 394, 'Account aan groep gekoppeld.', 0, '2017-05-17 21:45:23'),
(1097, 193, 395, 'Account aan groep gekoppeld.', 0, '2017-05-17 21:45:23'),
(1098, 193, 396, 'Account aan groep gekoppeld.', 0, '2017-05-17 21:45:23'),
(1099, 193, 397, 'Account aan groep gekoppeld.', 0, '2017-05-17 21:45:23'),
(1100, 193, 398, 'Account aan groep gekoppeld.', 0, '2017-05-17 21:45:23'),
(1101, 193, 399, 'Account aan groep gekoppeld.', 0, '2017-05-17 21:45:23'),
(1102, 193, 400, 'Account aan groep gekoppeld.', 0, '2017-05-17 21:45:23'),
(1103, 193, 401, 'Account aan groep gekoppeld.', 0, '2017-05-17 21:45:23'),
(1104, 193, 402, 'Account aan groep gekoppeld.', 0, '2017-05-17 21:45:23'),
(1105, 193, 403, 'Account aan groep gekoppeld.', 0, '2017-05-17 21:45:24'),
(1106, 193, 404, 'Account aan groep gekoppeld.', 0, '2017-05-17 21:45:24'),
(1107, 193, 405, 'Account aan groep gekoppeld.', 0, '2017-05-17 21:45:24'),
(1108, 193, 406, 'Account aan groep gekoppeld.', 0, '2017-05-17 21:45:24'),
(1109, 193, 407, 'Account aan groep gekoppeld.', 0, '2017-05-17 21:45:24'),
(1110, 193, 408, 'Account aan groep gekoppeld.', 0, '2017-05-17 21:45:24'),
(1111, 193, 409, 'Account aan groep gekoppeld.', 0, '2017-05-17 21:45:24'),
(1112, 193, 410, 'Account aan groep gekoppeld.', 0, '2017-05-17 21:45:24'),
(1113, 193, 411, 'Account aan groep gekoppeld.', 0, '2017-05-17 21:45:24'),
(1114, 193, 412, 'Account aan groep gekoppeld.', 0, '2017-05-17 21:45:24'),
(1115, 193, 413, 'Account aan groep gekoppeld.', 0, '2017-05-17 21:45:24'),
(1116, 193, 414, 'Account aan groep gekoppeld.', 0, '2017-05-17 21:45:24'),
(1117, 193, 415, 'Account aan groep gekoppeld.', 0, '2017-05-17 21:45:24'),
(1118, 193, 416, 'Account aan groep gekoppeld.', 0, '2017-05-17 21:45:24'),
(1119, 193, 417, 'Account aan groep gekoppeld.', 0, '2017-05-17 21:45:24'),
(1120, 193, 418, 'Account aan groep gekoppeld.', 0, '2017-05-17 21:45:24'),
(1121, 193, 419, 'Account aan groep gekoppeld.', 0, '2017-05-17 21:45:24'),
(1122, 193, 420, 'Account aan groep gekoppeld.', 0, '2017-05-17 21:45:24'),
(1123, 193, 421, 'Account aan groep gekoppeld.', 0, '2017-05-17 21:45:24'),
(1124, 193, 422, 'Account aan groep gekoppeld.', 0, '2017-05-17 21:45:24'),
(1125, 193, 423, 'Account aan groep gekoppeld.', 0, '2017-05-17 21:45:24'),
(1126, 193, 424, 'Account aan groep gekoppeld.', 0, '2017-05-17 21:45:24'),
(1127, 193, 425, 'Account aan groep gekoppeld.', 0, '2017-05-17 21:45:24'),
(1128, 193, 426, 'Account aan groep gekoppeld.', 0, '2017-05-17 21:45:24'),
(1129, 193, 427, 'Account aan groep gekoppeld.', 0, '2017-05-17 21:45:24'),
(1130, 193, 428, 'Account aan groep gekoppeld.', 0, '2017-05-17 21:45:24'),
(1131, 193, 429, 'Account aan groep gekoppeld.', 0, '2017-05-17 21:45:24'),
(1132, 193, 430, 'Account aan groep gekoppeld.', 0, '2017-05-17 21:45:24'),
(1133, 193, 431, 'Account aan groep gekoppeld.', 0, '2017-05-17 21:45:24'),
(1134, 193, 432, 'Account aan groep gekoppeld.', 0, '2017-05-17 21:45:24'),
(1135, 193, 433, 'Account aan groep gekoppeld.', 0, '2017-05-17 21:45:24'),
(1136, 193, 434, 'Account aan groep gekoppeld.', 0, '2017-05-17 21:45:24'),
(1137, 193, 435, 'Account aan groep gekoppeld.', 0, '2017-05-17 21:45:24'),
(1138, 193, 436, 'Account aan groep gekoppeld.', 0, '2017-05-17 21:45:24'),
(1139, 193, 437, 'Account aan groep gekoppeld.', 0, '2017-05-17 21:45:24'),
(1140, 193, 438, 'Account aan groep gekoppeld.', 0, '2017-05-17 21:45:24'),
(1141, 193, 439, 'Account aan groep gekoppeld.', 0, '2017-05-17 21:45:24'),
(1142, 193, 440, 'Account aan groep gekoppeld.', 0, '2017-05-17 21:45:24'),
(1143, 193, 441, 'Account aan groep gekoppeld.', 0, '2017-05-17 21:45:24'),
(1144, 193, 442, 'Account aan groep gekoppeld.', 0, '2017-05-17 21:45:24'),
(1145, 193, 443, 'Account aan groep gekoppeld.', 0, '2017-05-17 21:45:24'),
(1146, 193, 444, 'Account aan groep gekoppeld.', 0, '2017-05-17 21:45:24'),
(1147, 193, 445, 'Account aan groep gekoppeld.', 0, '2017-05-17 21:45:24'),
(1148, 193, 446, 'Account aan groep gekoppeld.', 0, '2017-05-17 21:45:24'),
(1149, 193, 447, 'Account aan groep gekoppeld.', 0, '2017-05-17 21:45:24'),
(1150, 193, 448, 'Account aan groep gekoppeld.', 0, '2017-05-17 21:45:24'),
(1151, 193, 449, 'Account aan groep gekoppeld.', 0, '2017-05-17 21:45:24'),
(1152, 193, 450, 'Account aan groep gekoppeld.', 0, '2017-05-17 21:45:24'),
(1153, 193, 451, 'Account aan groep gekoppeld.', 0, '2017-05-17 21:45:24'),
(1154, 193, 452, 'Account aan groep gekoppeld.', 0, '2017-05-17 21:45:24'),
(1155, 193, 453, 'Account aan groep gekoppeld.', 0, '2017-05-17 21:45:24'),
(1156, 193, 454, 'Account aan groep gekoppeld.', 0, '2017-05-17 21:45:24'),
(1157, 193, 455, 'Account aan groep gekoppeld.', 0, '2017-05-17 21:45:24'),
(1158, 193, 456, 'Account aan groep gekoppeld.', 0, '2017-05-17 21:45:24'),
(1159, 193, 457, 'Account aan groep gekoppeld.', 0, '2017-05-17 21:45:24'),
(1160, 193, 458, 'Account aan groep gekoppeld.', 0, '2017-05-17 21:45:24'),
(1161, 193, 459, 'Account aan groep gekoppeld.', 0, '2017-05-17 21:45:24'),
(1162, 193, 460, 'Account aan groep gekoppeld.', 0, '2017-05-17 21:45:24'),
(1163, 193, 461, 'Account aan groep gekoppeld.', 0, '2017-05-17 21:45:24'),
(1164, 193, 462, 'Account aan groep gekoppeld.', 0, '2017-05-17 21:45:24'),
(1165, 193, 463, 'Account aan groep gekoppeld.', 0, '2017-05-17 21:45:24'),
(1166, 193, 464, 'Account aan groep gekoppeld.', 0, '2017-05-17 21:45:24'),
(1167, 193, 465, 'Account aan groep gekoppeld.', 0, '2017-05-17 21:45:25'),
(1168, 193, 466, 'Account aan groep gekoppeld.', 0, '2017-05-17 21:45:25'),
(1169, 193, 467, 'Account aan groep gekoppeld.', 0, '2017-05-17 21:45:25'),
(1170, 193, 468, 'Account aan groep gekoppeld.', 0, '2017-05-17 21:45:25'),
(1171, 193, 378, 'Account aan groep gekoppeld.', 0, '2017-05-17 21:47:38'),
(1172, 193, 379, 'Account aan groep gekoppeld.', 0, '2017-05-17 21:47:38'),
(1173, 193, 380, 'Account aan groep gekoppeld.', 0, '2017-05-17 21:47:38'),
(1174, 193, 381, 'Account aan groep gekoppeld.', 0, '2017-05-17 21:47:38'),
(1175, 193, 382, 'Account aan groep gekoppeld.', 0, '2017-05-17 21:47:38'),
(1176, 193, 383, 'Account aan groep gekoppeld.', 0, '2017-05-17 21:47:38'),
(1177, 193, 384, 'Account aan groep gekoppeld.', 0, '2017-05-17 21:47:38'),
(1178, 193, 385, 'Account aan groep gekoppeld.', 0, '2017-05-17 21:47:38'),
(1179, 193, 386, 'Account aan groep gekoppeld.', 0, '2017-05-17 21:47:38'),
(1180, 193, 387, 'Account aan groep gekoppeld.', 0, '2017-05-17 21:47:38'),
(1181, 193, 388, 'Account aan groep gekoppeld.', 0, '2017-05-17 21:47:38'),
(1182, 193, 389, 'Account aan groep gekoppeld.', 0, '2017-05-17 21:47:38'),
(1183, 193, 390, 'Account aan groep gekoppeld.', 0, '2017-05-17 21:47:38'),
(1184, 193, 391, 'Account aan groep gekoppeld.', 0, '2017-05-17 21:47:38'),
(1185, 193, 392, 'Account aan groep gekoppeld.', 0, '2017-05-17 21:47:38'),
(1186, 193, 393, 'Account aan groep gekoppeld.', 0, '2017-05-17 21:47:38'),
(1187, 193, 394, 'Account aan groep gekoppeld.', 0, '2017-05-17 21:47:38'),
(1188, 193, 395, 'Account aan groep gekoppeld.', 0, '2017-05-17 21:47:38'),
(1189, 193, 396, 'Account aan groep gekoppeld.', 0, '2017-05-17 21:47:38'),
(1190, 193, 397, 'Account aan groep gekoppeld.', 0, '2017-05-17 21:47:38'),
(1191, 193, 398, 'Account aan groep gekoppeld.', 0, '2017-05-17 21:47:38'),
(1192, 193, 399, 'Account aan groep gekoppeld.', 0, '2017-05-17 21:47:38'),
(1193, 193, 400, 'Account aan groep gekoppeld.', 0, '2017-05-17 21:47:38'),
(1194, 193, 401, 'Account aan groep gekoppeld.', 0, '2017-05-17 21:47:38'),
(1195, 193, 402, 'Account aan groep gekoppeld.', 0, '2017-05-17 21:47:38'),
(1196, 193, 403, 'Account aan groep gekoppeld.', 0, '2017-05-17 21:47:38'),
(1197, 193, 404, 'Account aan groep gekoppeld.', 0, '2017-05-17 21:47:38'),
(1198, 193, 405, 'Account aan groep gekoppeld.', 0, '2017-05-17 21:47:38'),
(1199, 193, 406, 'Account aan groep gekoppeld.', 0, '2017-05-17 21:47:38'),
(1200, 193, 407, 'Account aan groep gekoppeld.', 0, '2017-05-17 21:47:38'),
(1201, 193, 408, 'Account aan groep gekoppeld.', 0, '2017-05-17 21:47:38'),
(1202, 193, 409, 'Account aan groep gekoppeld.', 0, '2017-05-17 21:47:38'),
(1203, 193, 410, 'Account aan groep gekoppeld.', 0, '2017-05-17 21:47:38'),
(1204, 193, 411, 'Account aan groep gekoppeld.', 0, '2017-05-17 21:47:38'),
(1205, 193, 412, 'Account aan groep gekoppeld.', 0, '2017-05-17 21:47:38'),
(1206, 193, 413, 'Account aan groep gekoppeld.', 0, '2017-05-17 21:47:38'),
(1207, 193, 414, 'Account aan groep gekoppeld.', 0, '2017-05-17 21:47:38'),
(1208, 193, 415, 'Account aan groep gekoppeld.', 0, '2017-05-17 21:47:38'),
(1209, 193, 416, 'Account aan groep gekoppeld.', 0, '2017-05-17 21:47:38'),
(1210, 193, 417, 'Account aan groep gekoppeld.', 0, '2017-05-17 21:47:38'),
(1211, 193, 418, 'Account aan groep gekoppeld.', 0, '2017-05-17 21:47:38'),
(1212, 193, 419, 'Account aan groep gekoppeld.', 0, '2017-05-17 21:47:38'),
(1213, 193, 420, 'Account aan groep gekoppeld.', 0, '2017-05-17 21:47:38'),
(1214, 193, 421, 'Account aan groep gekoppeld.', 0, '2017-05-17 21:47:38'),
(1215, 193, 422, 'Account aan groep gekoppeld.', 0, '2017-05-17 21:47:39'),
(1216, 193, 423, 'Account aan groep gekoppeld.', 0, '2017-05-17 21:47:39'),
(1217, 193, 424, 'Account aan groep gekoppeld.', 0, '2017-05-17 21:47:39'),
(1218, 193, 425, 'Account aan groep gekoppeld.', 0, '2017-05-17 21:47:39'),
(1219, 193, 426, 'Account aan groep gekoppeld.', 0, '2017-05-17 21:47:39'),
(1220, 193, 427, 'Account aan groep gekoppeld.', 0, '2017-05-17 21:47:39'),
(1221, 193, 428, 'Account aan groep gekoppeld.', 0, '2017-05-17 21:47:39'),
(1222, 193, 429, 'Account aan groep gekoppeld.', 0, '2017-05-17 21:47:39'),
(1223, 193, 430, 'Account aan groep gekoppeld.', 0, '2017-05-17 21:47:39'),
(1224, 193, 431, 'Account aan groep gekoppeld.', 0, '2017-05-17 21:47:39'),
(1225, 193, 432, 'Account aan groep gekoppeld.', 0, '2017-05-17 21:47:39'),
(1226, 193, 433, 'Account aan groep gekoppeld.', 0, '2017-05-17 21:47:39'),
(1227, 193, 434, 'Account aan groep gekoppeld.', 0, '2017-05-17 21:47:39'),
(1228, 193, 435, 'Account aan groep gekoppeld.', 0, '2017-05-17 21:47:39'),
(1229, 193, 436, 'Account aan groep gekoppeld.', 0, '2017-05-17 21:47:39'),
(1230, 193, 437, 'Account aan groep gekoppeld.', 0, '2017-05-17 21:47:39'),
(1231, 193, 438, 'Account aan groep gekoppeld.', 0, '2017-05-17 21:47:39'),
(1232, 193, 439, 'Account aan groep gekoppeld.', 0, '2017-05-17 21:47:39'),
(1233, 193, 440, 'Account aan groep gekoppeld.', 0, '2017-05-17 21:47:39'),
(1234, 193, 441, 'Account aan groep gekoppeld.', 0, '2017-05-17 21:47:39'),
(1235, 193, 442, 'Account aan groep gekoppeld.', 0, '2017-05-17 21:47:39'),
(1236, 193, 443, 'Account aan groep gekoppeld.', 0, '2017-05-17 21:47:39'),
(1237, 193, 444, 'Account aan groep gekoppeld.', 0, '2017-05-17 21:47:39'),
(1238, 193, 445, 'Account aan groep gekoppeld.', 0, '2017-05-17 21:47:39'),
(1239, 193, 446, 'Account aan groep gekoppeld.', 0, '2017-05-17 21:47:39'),
(1240, 193, 447, 'Account aan groep gekoppeld.', 0, '2017-05-17 21:47:39'),
(1241, 193, 448, 'Account aan groep gekoppeld.', 0, '2017-05-17 21:47:39'),
(1242, 193, 449, 'Account aan groep gekoppeld.', 0, '2017-05-17 21:47:39'),
(1243, 193, 450, 'Account aan groep gekoppeld.', 0, '2017-05-17 21:47:39'),
(1244, 193, 451, 'Account aan groep gekoppeld.', 0, '2017-05-17 21:47:39'),
(1245, 193, 452, 'Account aan groep gekoppeld.', 0, '2017-05-17 21:47:39'),
(1246, 193, 453, 'Account aan groep gekoppeld.', 0, '2017-05-17 21:47:39'),
(1247, 193, 454, 'Account aan groep gekoppeld.', 0, '2017-05-17 21:47:39'),
(1248, 193, 455, 'Account aan groep gekoppeld.', 0, '2017-05-17 21:47:39'),
(1249, 193, 456, 'Account aan groep gekoppeld.', 0, '2017-05-17 21:47:39'),
(1250, 193, 457, 'Account aan groep gekoppeld.', 0, '2017-05-17 21:47:39'),
(1251, 193, 458, 'Account aan groep gekoppeld.', 0, '2017-05-17 21:47:39'),
(1252, 193, 459, 'Account aan groep gekoppeld.', 0, '2017-05-17 21:47:39'),
(1253, 193, 460, 'Account aan groep gekoppeld.', 0, '2017-05-17 21:47:39'),
(1254, 193, 461, 'Account aan groep gekoppeld.', 0, '2017-05-17 21:47:39'),
(1255, 193, 462, 'Account aan groep gekoppeld.', 0, '2017-05-17 21:47:39'),
(1256, 193, 463, 'Account aan groep gekoppeld.', 0, '2017-05-17 21:47:39'),
(1257, 193, 464, 'Account aan groep gekoppeld.', 0, '2017-05-17 21:47:39'),
(1258, 193, 465, 'Account aan groep gekoppeld.', 0, '2017-05-17 21:47:39'),
(1259, 193, 466, 'Account aan groep gekoppeld.', 0, '2017-05-17 21:47:39'),
(1260, 193, 467, 'Account aan groep gekoppeld.', 0, '2017-05-17 21:47:39'),
(1261, 193, 468, 'Account aan groep gekoppeld.', 0, '2017-05-17 21:47:39'),
(1262, 193, 378, 'Account aan groep gekoppeld.', 0, '2017-05-17 21:48:30'),
(1263, 193, 379, 'Account aan groep gekoppeld.', 0, '2017-05-17 21:48:30'),
(1264, 193, 380, 'Account aan groep gekoppeld.', 0, '2017-05-17 21:48:30'),
(1265, 193, 381, 'Account aan groep gekoppeld.', 0, '2017-05-17 21:48:31'),
(1266, 193, 382, 'Account aan groep gekoppeld.', 0, '2017-05-17 21:48:31'),
(1267, 193, 383, 'Account aan groep gekoppeld.', 0, '2017-05-17 21:48:31'),
(1268, 193, 384, 'Account aan groep gekoppeld.', 0, '2017-05-17 21:48:31'),
(1269, 193, 385, 'Account aan groep gekoppeld.', 0, '2017-05-17 21:48:31'),
(1270, 193, 386, 'Account aan groep gekoppeld.', 0, '2017-05-17 21:48:31'),
(1271, 193, 387, 'Account aan groep gekoppeld.', 0, '2017-05-17 21:48:31'),
(1272, 193, 388, 'Account aan groep gekoppeld.', 0, '2017-05-17 21:48:31'),
(1273, 193, 389, 'Account aan groep gekoppeld.', 0, '2017-05-17 21:48:31'),
(1274, 193, 390, 'Account aan groep gekoppeld.', 0, '2017-05-17 21:48:31'),
(1275, 193, 391, 'Account aan groep gekoppeld.', 0, '2017-05-17 21:48:31'),
(1276, 193, 392, 'Account aan groep gekoppeld.', 0, '2017-05-17 21:48:31'),
(1277, 193, 393, 'Account aan groep gekoppeld.', 0, '2017-05-17 21:48:31'),
(1278, 193, 394, 'Account aan groep gekoppeld.', 0, '2017-05-17 21:48:31'),
(1279, 193, 395, 'Account aan groep gekoppeld.', 0, '2017-05-17 21:48:31'),
(1280, 193, 396, 'Account aan groep gekoppeld.', 0, '2017-05-17 21:48:31'),
(1281, 193, 397, 'Account aan groep gekoppeld.', 0, '2017-05-17 21:48:31'),
(1282, 193, 398, 'Account aan groep gekoppeld.', 0, '2017-05-17 21:48:31'),
(1283, 193, 399, 'Account aan groep gekoppeld.', 0, '2017-05-17 21:48:31'),
(1284, 193, 400, 'Account aan groep gekoppeld.', 0, '2017-05-17 21:48:31'),
(1285, 193, 401, 'Account aan groep gekoppeld.', 0, '2017-05-17 21:48:31'),
(1286, 193, 402, 'Account aan groep gekoppeld.', 0, '2017-05-17 21:48:31'),
(1287, 193, 403, 'Account aan groep gekoppeld.', 0, '2017-05-17 21:48:31'),
(1288, 193, 404, 'Account aan groep gekoppeld.', 0, '2017-05-17 21:48:31'),
(1289, 193, 405, 'Account aan groep gekoppeld.', 0, '2017-05-17 21:48:31'),
(1290, 193, 406, 'Account aan groep gekoppeld.', 0, '2017-05-17 21:48:31'),
(1291, 193, 407, 'Account aan groep gekoppeld.', 0, '2017-05-17 21:48:31'),
(1292, 193, 408, 'Account aan groep gekoppeld.', 0, '2017-05-17 21:48:31'),
(1293, 193, 409, 'Account aan groep gekoppeld.', 0, '2017-05-17 21:48:31'),
(1294, 193, 410, 'Account aan groep gekoppeld.', 0, '2017-05-17 21:48:31'),
(1295, 193, 411, 'Account aan groep gekoppeld.', 0, '2017-05-17 21:48:31'),
(1296, 193, 412, 'Account aan groep gekoppeld.', 0, '2017-05-17 21:48:31'),
(1297, 193, 413, 'Account aan groep gekoppeld.', 0, '2017-05-17 21:48:31'),
(1298, 193, 414, 'Account aan groep gekoppeld.', 0, '2017-05-17 21:48:31'),
(1299, 193, 415, 'Account aan groep gekoppeld.', 0, '2017-05-17 21:48:31'),
(1300, 193, 416, 'Account aan groep gekoppeld.', 0, '2017-05-17 21:48:31'),
(1301, 193, 417, 'Account aan groep gekoppeld.', 0, '2017-05-17 21:48:31'),
(1302, 193, 418, 'Account aan groep gekoppeld.', 0, '2017-05-17 21:48:31'),
(1303, 193, 419, 'Account aan groep gekoppeld.', 0, '2017-05-17 21:48:31'),
(1304, 193, 420, 'Account aan groep gekoppeld.', 0, '2017-05-17 21:48:31'),
(1305, 193, 421, 'Account aan groep gekoppeld.', 0, '2017-05-17 21:48:31'),
(1306, 193, 422, 'Account aan groep gekoppeld.', 0, '2017-05-17 21:48:31'),
(1307, 193, 423, 'Account aan groep gekoppeld.', 0, '2017-05-17 21:48:31'),
(1308, 193, 424, 'Account aan groep gekoppeld.', 0, '2017-05-17 21:48:31'),
(1309, 193, 425, 'Account aan groep gekoppeld.', 0, '2017-05-17 21:48:31'),
(1310, 193, 426, 'Account aan groep gekoppeld.', 0, '2017-05-17 21:48:31'),
(1311, 193, 427, 'Account aan groep gekoppeld.', 0, '2017-05-17 21:48:31'),
(1312, 193, 428, 'Account aan groep gekoppeld.', 0, '2017-05-17 21:48:31'),
(1313, 193, 429, 'Account aan groep gekoppeld.', 0, '2017-05-17 21:48:31'),
(1314, 193, 430, 'Account aan groep gekoppeld.', 0, '2017-05-17 21:48:31'),
(1315, 193, 431, 'Account aan groep gekoppeld.', 0, '2017-05-17 21:48:31'),
(1316, 193, 432, 'Account aan groep gekoppeld.', 0, '2017-05-17 21:48:31'),
(1317, 193, 433, 'Account aan groep gekoppeld.', 0, '2017-05-17 21:48:31'),
(1318, 193, 434, 'Account aan groep gekoppeld.', 0, '2017-05-17 21:48:31'),
(1319, 193, 435, 'Account aan groep gekoppeld.', 0, '2017-05-17 21:48:31'),
(1320, 193, 436, 'Account aan groep gekoppeld.', 0, '2017-05-17 21:48:31'),
(1321, 193, 437, 'Account aan groep gekoppeld.', 0, '2017-05-17 21:48:31'),
(1322, 193, 438, 'Account aan groep gekoppeld.', 0, '2017-05-17 21:48:31'),
(1323, 193, 439, 'Account aan groep gekoppeld.', 0, '2017-05-17 21:48:31'),
(1324, 193, 440, 'Account aan groep gekoppeld.', 0, '2017-05-17 21:48:31'),
(1325, 193, 441, 'Account aan groep gekoppeld.', 0, '2017-05-17 21:48:31'),
(1326, 193, 442, 'Account aan groep gekoppeld.', 0, '2017-05-17 21:48:31'),
(1327, 193, 443, 'Account aan groep gekoppeld.', 0, '2017-05-17 21:48:31'),
(1328, 193, 444, 'Account aan groep gekoppeld.', 0, '2017-05-17 21:48:31'),
(1329, 193, 445, 'Account aan groep gekoppeld.', 0, '2017-05-17 21:48:32'),
(1330, 193, 446, 'Account aan groep gekoppeld.', 0, '2017-05-17 21:48:32'),
(1331, 193, 447, 'Account aan groep gekoppeld.', 0, '2017-05-17 21:48:32'),
(1332, 193, 448, 'Account aan groep gekoppeld.', 0, '2017-05-17 21:48:32'),
(1333, 193, 449, 'Account aan groep gekoppeld.', 0, '2017-05-17 21:48:32'),
(1334, 193, 450, 'Account aan groep gekoppeld.', 0, '2017-05-17 21:48:32'),
(1335, 193, 451, 'Account aan groep gekoppeld.', 0, '2017-05-17 21:48:32'),
(1336, 193, 452, 'Account aan groep gekoppeld.', 0, '2017-05-17 21:48:32'),
(1337, 193, 453, 'Account aan groep gekoppeld.', 0, '2017-05-17 21:48:32'),
(1338, 193, 454, 'Account aan groep gekoppeld.', 0, '2017-05-17 21:48:32'),
(1339, 193, 455, 'Account aan groep gekoppeld.', 0, '2017-05-17 21:48:32'),
(1340, 193, 456, 'Account aan groep gekoppeld.', 0, '2017-05-17 21:48:32'),
(1341, 193, 457, 'Account aan groep gekoppeld.', 0, '2017-05-17 21:48:32'),
(1342, 193, 458, 'Account aan groep gekoppeld.', 0, '2017-05-17 21:48:32'),
(1343, 193, 459, 'Account aan groep gekoppeld.', 0, '2017-05-17 21:48:32'),
(1344, 193, 460, 'Account aan groep gekoppeld.', 0, '2017-05-17 21:48:32'),
(1345, 193, 461, 'Account aan groep gekoppeld.', 0, '2017-05-17 21:48:32'),
(1346, 193, 462, 'Account aan groep gekoppeld.', 0, '2017-05-17 21:48:32'),
(1347, 193, 463, 'Account aan groep gekoppeld.', 0, '2017-05-17 21:48:32'),
(1348, 193, 464, 'Account aan groep gekoppeld.', 0, '2017-05-17 21:48:32'),
(1349, 193, 465, 'Account aan groep gekoppeld.', 0, '2017-05-17 21:48:32'),
(1350, 193, 466, 'Account aan groep gekoppeld.', 0, '2017-05-17 21:48:32'),
(1351, 193, 467, 'Account aan groep gekoppeld.', 0, '2017-05-17 21:48:32'),
(1352, 193, 468, 'Account aan groep gekoppeld.', 0, '2017-05-17 21:48:32'),
(1353, 193, 378, 'Account aan groep gekoppeld.', 0, '2017-05-17 21:48:50'),
(1354, 193, 379, 'Account aan groep gekoppeld.', 0, '2017-05-17 21:48:50'),
(1355, 193, 380, 'Account aan groep gekoppeld.', 0, '2017-05-17 21:48:50'),
(1356, 193, 381, 'Account aan groep gekoppeld.', 0, '2017-05-17 21:48:50'),
(1357, 193, 382, 'Account aan groep gekoppeld.', 0, '2017-05-17 21:48:50'),
(1358, 193, 383, 'Account aan groep gekoppeld.', 0, '2017-05-17 21:48:50'),
(1359, 193, 384, 'Account aan groep gekoppeld.', 0, '2017-05-17 21:48:50'),
(1360, 193, 385, 'Account aan groep gekoppeld.', 0, '2017-05-17 21:48:50'),
(1361, 193, 386, 'Account aan groep gekoppeld.', 0, '2017-05-17 21:48:50'),
(1362, 193, 387, 'Account aan groep gekoppeld.', 0, '2017-05-17 21:48:50'),
(1363, 193, 388, 'Account aan groep gekoppeld.', 0, '2017-05-17 21:48:50'),
(1364, 193, 389, 'Account aan groep gekoppeld.', 0, '2017-05-17 21:48:50'),
(1365, 193, 390, 'Account aan groep gekoppeld.', 0, '2017-05-17 21:48:50'),
(1366, 193, 391, 'Account aan groep gekoppeld.', 0, '2017-05-17 21:48:50'),
(1367, 193, 392, 'Account aan groep gekoppeld.', 0, '2017-05-17 21:48:50'),
(1368, 193, 393, 'Account aan groep gekoppeld.', 0, '2017-05-17 21:48:50'),
(1369, 193, 394, 'Account aan groep gekoppeld.', 0, '2017-05-17 21:48:50'),
(1370, 193, 395, 'Account aan groep gekoppeld.', 0, '2017-05-17 21:48:50'),
(1371, 193, 396, 'Account aan groep gekoppeld.', 0, '2017-05-17 21:48:50'),
(1372, 193, 397, 'Account aan groep gekoppeld.', 0, '2017-05-17 21:48:50'),
(1373, 193, 398, 'Account aan groep gekoppeld.', 0, '2017-05-17 21:48:50'),
(1374, 193, 399, 'Account aan groep gekoppeld.', 0, '2017-05-17 21:48:50'),
(1375, 193, 400, 'Account aan groep gekoppeld.', 0, '2017-05-17 21:48:50'),
(1376, 193, 401, 'Account aan groep gekoppeld.', 0, '2017-05-17 21:48:50'),
(1377, 193, 402, 'Account aan groep gekoppeld.', 0, '2017-05-17 21:48:50'),
(1378, 193, 403, 'Account aan groep gekoppeld.', 0, '2017-05-17 21:48:50'),
(1379, 193, 404, 'Account aan groep gekoppeld.', 0, '2017-05-17 21:48:50'),
(1380, 193, 405, 'Account aan groep gekoppeld.', 0, '2017-05-17 21:48:50'),
(1381, 193, 406, 'Account aan groep gekoppeld.', 0, '2017-05-17 21:48:50'),
(1382, 193, 407, 'Account aan groep gekoppeld.', 0, '2017-05-17 21:48:50'),
(1383, 193, 408, 'Account aan groep gekoppeld.', 0, '2017-05-17 21:48:50'),
(1384, 193, 409, 'Account aan groep gekoppeld.', 0, '2017-05-17 21:48:50'),
(1385, 193, 410, 'Account aan groep gekoppeld.', 0, '2017-05-17 21:48:50'),
(1386, 193, 411, 'Account aan groep gekoppeld.', 0, '2017-05-17 21:48:50'),
(1387, 193, 412, 'Account aan groep gekoppeld.', 0, '2017-05-17 21:48:50'),
(1388, 193, 413, 'Account aan groep gekoppeld.', 0, '2017-05-17 21:48:50'),
(1389, 193, 414, 'Account aan groep gekoppeld.', 0, '2017-05-17 21:48:50'),
(1390, 193, 415, 'Account aan groep gekoppeld.', 0, '2017-05-17 21:48:50'),
(1391, 193, 416, 'Account aan groep gekoppeld.', 0, '2017-05-17 21:48:50'),
(1392, 193, 417, 'Account aan groep gekoppeld.', 0, '2017-05-17 21:48:50'),
(1393, 193, 418, 'Account aan groep gekoppeld.', 0, '2017-05-17 21:48:50'),
(1394, 193, 419, 'Account aan groep gekoppeld.', 0, '2017-05-17 21:48:51'),
(1395, 193, 420, 'Account aan groep gekoppeld.', 0, '2017-05-17 21:48:51'),
(1396, 193, 421, 'Account aan groep gekoppeld.', 0, '2017-05-17 21:48:51'),
(1397, 193, 422, 'Account aan groep gekoppeld.', 0, '2017-05-17 21:48:51'),
(1398, 193, 423, 'Account aan groep gekoppeld.', 0, '2017-05-17 21:48:51'),
(1399, 193, 424, 'Account aan groep gekoppeld.', 0, '2017-05-17 21:48:51'),
(1400, 193, 425, 'Account aan groep gekoppeld.', 0, '2017-05-17 21:48:51'),
(1401, 193, 426, 'Account aan groep gekoppeld.', 0, '2017-05-17 21:48:51'),
(1402, 193, 427, 'Account aan groep gekoppeld.', 0, '2017-05-17 21:48:51'),
(1403, 193, 428, 'Account aan groep gekoppeld.', 0, '2017-05-17 21:48:51'),
(1404, 193, 429, 'Account aan groep gekoppeld.', 0, '2017-05-17 21:48:51'),
(1405, 193, 430, 'Account aan groep gekoppeld.', 0, '2017-05-17 21:48:51'),
(1406, 193, 431, 'Account aan groep gekoppeld.', 0, '2017-05-17 21:48:51'),
(1407, 193, 432, 'Account aan groep gekoppeld.', 0, '2017-05-17 21:48:51'),
(1408, 193, 433, 'Account aan groep gekoppeld.', 0, '2017-05-17 21:48:51'),
(1409, 193, 434, 'Account aan groep gekoppeld.', 0, '2017-05-17 21:48:51'),
(1410, 193, 435, 'Account aan groep gekoppeld.', 0, '2017-05-17 21:48:51'),
(1411, 193, 436, 'Account aan groep gekoppeld.', 0, '2017-05-17 21:48:51'),
(1412, 193, 437, 'Account aan groep gekoppeld.', 0, '2017-05-17 21:48:51'),
(1413, 193, 438, 'Account aan groep gekoppeld.', 0, '2017-05-17 21:48:51'),
(1414, 193, 439, 'Account aan groep gekoppeld.', 0, '2017-05-17 21:48:51'),
(1415, 193, 440, 'Account aan groep gekoppeld.', 0, '2017-05-17 21:48:51'),
(1416, 193, 441, 'Account aan groep gekoppeld.', 0, '2017-05-17 21:48:51'),
(1417, 193, 442, 'Account aan groep gekoppeld.', 0, '2017-05-17 21:48:51'),
(1418, 193, 443, 'Account aan groep gekoppeld.', 0, '2017-05-17 21:48:51'),
(1419, 193, 444, 'Account aan groep gekoppeld.', 0, '2017-05-17 21:48:51'),
(1420, 193, 445, 'Account aan groep gekoppeld.', 0, '2017-05-17 21:48:51'),
(1421, 193, 446, 'Account aan groep gekoppeld.', 0, '2017-05-17 21:48:51'),
(1422, 193, 447, 'Account aan groep gekoppeld.', 0, '2017-05-17 21:48:51'),
(1423, 193, 448, 'Account aan groep gekoppeld.', 0, '2017-05-17 21:48:51'),
(1424, 193, 449, 'Account aan groep gekoppeld.', 0, '2017-05-17 21:48:51'),
(1425, 193, 450, 'Account aan groep gekoppeld.', 0, '2017-05-17 21:48:51'),
(1426, 193, 451, 'Account aan groep gekoppeld.', 0, '2017-05-17 21:48:51'),
(1427, 193, 452, 'Account aan groep gekoppeld.', 0, '2017-05-17 21:48:51'),
(1428, 193, 453, 'Account aan groep gekoppeld.', 0, '2017-05-17 21:48:51'),
(1429, 193, 454, 'Account aan groep gekoppeld.', 0, '2017-05-17 21:48:51'),
(1430, 193, 455, 'Account aan groep gekoppeld.', 0, '2017-05-17 21:48:51'),
(1431, 193, 456, 'Account aan groep gekoppeld.', 0, '2017-05-17 21:48:51'),
(1432, 193, 457, 'Account aan groep gekoppeld.', 0, '2017-05-17 21:48:51'),
(1433, 193, 458, 'Account aan groep gekoppeld.', 0, '2017-05-17 21:48:51'),
(1434, 193, 459, 'Account aan groep gekoppeld.', 0, '2017-05-17 21:48:51'),
(1435, 193, 460, 'Account aan groep gekoppeld.', 0, '2017-05-17 21:48:51'),
(1436, 193, 461, 'Account aan groep gekoppeld.', 0, '2017-05-17 21:48:51'),
(1437, 193, 462, 'Account aan groep gekoppeld.', 0, '2017-05-17 21:48:51'),
(1438, 193, 463, 'Account aan groep gekoppeld.', 0, '2017-05-17 21:48:51'),
(1439, 193, 464, 'Account aan groep gekoppeld.', 0, '2017-05-17 21:48:51'),
(1440, 193, 465, 'Account aan groep gekoppeld.', 0, '2017-05-17 21:48:51'),
(1441, 193, 466, 'Account aan groep gekoppeld.', 0, '2017-05-17 21:48:51'),
(1442, 193, 467, 'Account aan groep gekoppeld.', 0, '2017-05-17 21:48:51'),
(1443, 193, 468, 'Account aan groep gekoppeld.', 0, '2017-05-17 21:48:51'),
(1444, 193, 378, 'Account aan groep gekoppeld.', 0, '2017-05-17 21:50:51'),
(1445, 193, 379, 'Account aan groep gekoppeld.', 0, '2017-05-17 21:50:51'),
(1446, 193, 380, 'Account aan groep gekoppeld.', 0, '2017-05-17 21:50:51'),
(1447, 193, 381, 'Account aan groep gekoppeld.', 0, '2017-05-17 21:50:51'),
(1448, 193, 382, 'Account aan groep gekoppeld.', 0, '2017-05-17 21:50:51'),
(1449, 193, 383, 'Account aan groep gekoppeld.', 0, '2017-05-17 21:50:51'),
(1450, 193, 384, 'Account aan groep gekoppeld.', 0, '2017-05-17 21:50:51'),
(1451, 193, 385, 'Account aan groep gekoppeld.', 0, '2017-05-17 21:50:51'),
(1452, 193, 386, 'Account aan groep gekoppeld.', 0, '2017-05-17 21:50:51'),
(1453, 193, 387, 'Account aan groep gekoppeld.', 0, '2017-05-17 21:50:51'),
(1454, 193, 388, 'Account aan groep gekoppeld.', 0, '2017-05-17 21:50:51'),
(1455, 193, 389, 'Account aan groep gekoppeld.', 0, '2017-05-17 21:50:51'),
(1456, 193, 390, 'Account aan groep gekoppeld.', 0, '2017-05-17 21:50:51'),
(1457, 193, 391, 'Account aan groep gekoppeld.', 0, '2017-05-17 21:50:51'),
(1458, 193, 392, 'Account aan groep gekoppeld.', 0, '2017-05-17 21:50:51'),
(1459, 193, 393, 'Account aan groep gekoppeld.', 0, '2017-05-17 21:50:51'),
(1460, 193, 394, 'Account aan groep gekoppeld.', 0, '2017-05-17 21:50:51'),
(1461, 193, 395, 'Account aan groep gekoppeld.', 0, '2017-05-17 21:50:51'),
(1462, 193, 396, 'Account aan groep gekoppeld.', 0, '2017-05-17 21:50:51'),
(1463, 193, 397, 'Account aan groep gekoppeld.', 0, '2017-05-17 21:50:51'),
(1464, 193, 398, 'Account aan groep gekoppeld.', 0, '2017-05-17 21:50:51'),
(1465, 193, 399, 'Account aan groep gekoppeld.', 0, '2017-05-17 21:50:51'),
(1466, 193, 400, 'Account aan groep gekoppeld.', 0, '2017-05-17 21:50:51'),
(1467, 193, 401, 'Account aan groep gekoppeld.', 0, '2017-05-17 21:50:51'),
(1468, 193, 402, 'Account aan groep gekoppeld.', 0, '2017-05-17 21:50:51'),
(1469, 193, 403, 'Account aan groep gekoppeld.', 0, '2017-05-17 21:50:51'),
(1470, 193, 404, 'Account aan groep gekoppeld.', 0, '2017-05-17 21:50:51'),
(1471, 193, 405, 'Account aan groep gekoppeld.', 0, '2017-05-17 21:50:51'),
(1472, 193, 406, 'Account aan groep gekoppeld.', 0, '2017-05-17 21:50:51'),
(1473, 193, 407, 'Account aan groep gekoppeld.', 0, '2017-05-17 21:50:51'),
(1474, 193, 408, 'Account aan groep gekoppeld.', 0, '2017-05-17 21:50:51'),
(1475, 193, 409, 'Account aan groep gekoppeld.', 0, '2017-05-17 21:50:51'),
(1476, 193, 410, 'Account aan groep gekoppeld.', 0, '2017-05-17 21:50:51'),
(1477, 193, 411, 'Account aan groep gekoppeld.', 0, '2017-05-17 21:50:51'),
(1478, 193, 412, 'Account aan groep gekoppeld.', 0, '2017-05-17 21:50:51'),
(1479, 193, 413, 'Account aan groep gekoppeld.', 0, '2017-05-17 21:50:51'),
(1480, 193, 414, 'Account aan groep gekoppeld.', 0, '2017-05-17 21:50:51'),
(1481, 193, 415, 'Account aan groep gekoppeld.', 0, '2017-05-17 21:50:51'),
(1482, 193, 416, 'Account aan groep gekoppeld.', 0, '2017-05-17 21:50:51'),
(1483, 193, 417, 'Account aan groep gekoppeld.', 0, '2017-05-17 21:50:51'),
(1484, 193, 418, 'Account aan groep gekoppeld.', 0, '2017-05-17 21:50:51'),
(1485, 193, 419, 'Account aan groep gekoppeld.', 0, '2017-05-17 21:50:51'),
(1486, 193, 420, 'Account aan groep gekoppeld.', 0, '2017-05-17 21:50:51'),
(1487, 193, 421, 'Account aan groep gekoppeld.', 0, '2017-05-17 21:50:51'),
(1488, 193, 422, 'Account aan groep gekoppeld.', 0, '2017-05-17 21:50:51'),
(1489, 193, 423, 'Account aan groep gekoppeld.', 0, '2017-05-17 21:50:51'),
(1490, 193, 424, 'Account aan groep gekoppeld.', 0, '2017-05-17 21:50:51'),
(1491, 193, 425, 'Account aan groep gekoppeld.', 0, '2017-05-17 21:50:51'),
(1492, 193, 426, 'Account aan groep gekoppeld.', 0, '2017-05-17 21:50:51'),
(1493, 193, 427, 'Account aan groep gekoppeld.', 0, '2017-05-17 21:50:51'),
(1494, 193, 428, 'Account aan groep gekoppeld.', 0, '2017-05-17 21:50:51'),
(1495, 193, 429, 'Account aan groep gekoppeld.', 0, '2017-05-17 21:50:51'),
(1496, 193, 430, 'Account aan groep gekoppeld.', 0, '2017-05-17 21:50:51'),
(1497, 193, 431, 'Account aan groep gekoppeld.', 0, '2017-05-17 21:50:51'),
(1498, 193, 432, 'Account aan groep gekoppeld.', 0, '2017-05-17 21:50:51'),
(1499, 193, 433, 'Account aan groep gekoppeld.', 0, '2017-05-17 21:50:51'),
(1500, 193, 434, 'Account aan groep gekoppeld.', 0, '2017-05-17 21:50:51'),
(1501, 193, 435, 'Account aan groep gekoppeld.', 0, '2017-05-17 21:50:52'),
(1502, 193, 436, 'Account aan groep gekoppeld.', 0, '2017-05-17 21:50:52'),
(1503, 193, 437, 'Account aan groep gekoppeld.', 0, '2017-05-17 21:50:52'),
(1504, 193, 438, 'Account aan groep gekoppeld.', 0, '2017-05-17 21:50:52'),
(1505, 193, 439, 'Account aan groep gekoppeld.', 0, '2017-05-17 21:50:52'),
(1506, 193, 440, 'Account aan groep gekoppeld.', 0, '2017-05-17 21:50:52'),
(1507, 193, 441, 'Account aan groep gekoppeld.', 0, '2017-05-17 21:50:52'),
(1508, 193, 442, 'Account aan groep gekoppeld.', 0, '2017-05-17 21:50:52'),
(1509, 193, 443, 'Account aan groep gekoppeld.', 0, '2017-05-17 21:50:52'),
(1510, 193, 444, 'Account aan groep gekoppeld.', 0, '2017-05-17 21:50:52'),
(1511, 193, 445, 'Account aan groep gekoppeld.', 0, '2017-05-17 21:50:52'),
(1512, 193, 446, 'Account aan groep gekoppeld.', 0, '2017-05-17 21:50:52'),
(1513, 193, 447, 'Account aan groep gekoppeld.', 0, '2017-05-17 21:50:52'),
(1514, 193, 448, 'Account aan groep gekoppeld.', 0, '2017-05-17 21:50:52'),
(1515, 193, 449, 'Account aan groep gekoppeld.', 0, '2017-05-17 21:50:52'),
(1516, 193, 450, 'Account aan groep gekoppeld.', 0, '2017-05-17 21:50:52'),
(1517, 193, 451, 'Account aan groep gekoppeld.', 0, '2017-05-17 21:50:52'),
(1518, 193, 452, 'Account aan groep gekoppeld.', 0, '2017-05-17 21:50:52'),
(1519, 193, 453, 'Account aan groep gekoppeld.', 0, '2017-05-17 21:50:52'),
(1520, 193, 454, 'Account aan groep gekoppeld.', 0, '2017-05-17 21:50:52'),
(1521, 193, 455, 'Account aan groep gekoppeld.', 0, '2017-05-17 21:50:52'),
(1522, 193, 456, 'Account aan groep gekoppeld.', 0, '2017-05-17 21:50:52'),
(1523, 193, 457, 'Account aan groep gekoppeld.', 0, '2017-05-17 21:50:52'),
(1524, 193, 458, 'Account aan groep gekoppeld.', 0, '2017-05-17 21:50:52'),
(1525, 193, 459, 'Account aan groep gekoppeld.', 0, '2017-05-17 21:50:52'),
(1526, 193, 460, 'Account aan groep gekoppeld.', 0, '2017-05-17 21:50:52'),
(1527, 193, 461, 'Account aan groep gekoppeld.', 0, '2017-05-17 21:50:52'),
(1528, 193, 462, 'Account aan groep gekoppeld.', 0, '2017-05-17 21:50:52'),
(1529, 193, 463, 'Account aan groep gekoppeld.', 0, '2017-05-17 21:50:52'),
(1530, 193, 464, 'Account aan groep gekoppeld.', 0, '2017-05-17 21:50:52'),
(1531, 193, 465, 'Account aan groep gekoppeld.', 0, '2017-05-17 21:50:52'),
(1532, 193, 466, 'Account aan groep gekoppeld.', 0, '2017-05-17 21:50:52'),
(1533, 193, 467, 'Account aan groep gekoppeld.', 0, '2017-05-17 21:50:52'),
(1534, 193, 468, 'Account aan groep gekoppeld.', 0, '2017-05-17 21:50:52'),
(1535, 193, 378, 'Account aan groep gekoppeld.', 0, '2017-05-17 21:51:09'),
(1536, 193, 379, 'Account aan groep gekoppeld.', 0, '2017-05-17 21:51:09'),
(1537, 193, 380, 'Account aan groep gekoppeld.', 0, '2017-05-17 21:51:09'),
(1538, 193, 381, 'Account aan groep gekoppeld.', 0, '2017-05-17 21:51:09'),
(1539, 193, 382, 'Account aan groep gekoppeld.', 0, '2017-05-17 21:51:09'),
(1540, 193, 383, 'Account aan groep gekoppeld.', 0, '2017-05-17 21:51:09'),
(1541, 193, 384, 'Account aan groep gekoppeld.', 0, '2017-05-17 21:51:09'),
(1542, 193, 385, 'Account aan groep gekoppeld.', 0, '2017-05-17 21:51:09'),
(1543, 193, 386, 'Account aan groep gekoppeld.', 0, '2017-05-17 21:51:09'),
(1544, 193, 387, 'Account aan groep gekoppeld.', 0, '2017-05-17 21:51:09'),
(1545, 193, 388, 'Account aan groep gekoppeld.', 0, '2017-05-17 21:51:09'),
(1546, 193, 389, 'Account aan groep gekoppeld.', 0, '2017-05-17 21:51:09'),
(1547, 193, 390, 'Account aan groep gekoppeld.', 0, '2017-05-17 21:51:09'),
(1548, 193, 391, 'Account aan groep gekoppeld.', 0, '2017-05-17 21:51:09'),
(1549, 193, 392, 'Account aan groep gekoppeld.', 0, '2017-05-17 21:51:09'),
(1550, 193, 393, 'Account aan groep gekoppeld.', 0, '2017-05-17 21:51:09'),
(1551, 193, 394, 'Account aan groep gekoppeld.', 0, '2017-05-17 21:51:09'),
(1552, 193, 395, 'Account aan groep gekoppeld.', 0, '2017-05-17 21:51:09'),
(1553, 193, 396, 'Account aan groep gekoppeld.', 0, '2017-05-17 21:51:09'),
(1554, 193, 397, 'Account aan groep gekoppeld.', 0, '2017-05-17 21:51:09'),
(1555, 193, 398, 'Account aan groep gekoppeld.', 0, '2017-05-17 21:51:09'),
(1556, 193, 399, 'Account aan groep gekoppeld.', 0, '2017-05-17 21:51:09'),
(1557, 193, 400, 'Account aan groep gekoppeld.', 0, '2017-05-17 21:51:09'),
(1558, 193, 401, 'Account aan groep gekoppeld.', 0, '2017-05-17 21:51:09'),
(1559, 193, 402, 'Account aan groep gekoppeld.', 0, '2017-05-17 21:51:09'),
(1560, 193, 403, 'Account aan groep gekoppeld.', 0, '2017-05-17 21:51:09'),
(1561, 193, 404, 'Account aan groep gekoppeld.', 0, '2017-05-17 21:51:09'),
(1562, 193, 405, 'Account aan groep gekoppeld.', 0, '2017-05-17 21:51:09'),
(1563, 193, 406, 'Account aan groep gekoppeld.', 0, '2017-05-17 21:51:09'),
(1564, 193, 407, 'Account aan groep gekoppeld.', 0, '2017-05-17 21:51:09'),
(1565, 193, 408, 'Account aan groep gekoppeld.', 0, '2017-05-17 21:51:09'),
(1566, 193, 409, 'Account aan groep gekoppeld.', 0, '2017-05-17 21:51:09'),
(1567, 193, 410, 'Account aan groep gekoppeld.', 0, '2017-05-17 21:51:09'),
(1568, 193, 411, 'Account aan groep gekoppeld.', 0, '2017-05-17 21:51:09'),
(1569, 193, 412, 'Account aan groep gekoppeld.', 0, '2017-05-17 21:51:09'),
(1570, 193, 413, 'Account aan groep gekoppeld.', 0, '2017-05-17 21:51:09'),
(1571, 193, 414, 'Account aan groep gekoppeld.', 0, '2017-05-17 21:51:10'),
(1572, 193, 415, 'Account aan groep gekoppeld.', 0, '2017-05-17 21:51:10'),
(1573, 193, 416, 'Account aan groep gekoppeld.', 0, '2017-05-17 21:51:10'),
(1574, 193, 417, 'Account aan groep gekoppeld.', 0, '2017-05-17 21:51:10'),
(1575, 193, 418, 'Account aan groep gekoppeld.', 0, '2017-05-17 21:51:10'),
(1576, 193, 419, 'Account aan groep gekoppeld.', 0, '2017-05-17 21:51:10'),
(1577, 193, 420, 'Account aan groep gekoppeld.', 0, '2017-05-17 21:51:10'),
(1578, 193, 421, 'Account aan groep gekoppeld.', 0, '2017-05-17 21:51:10'),
(1579, 193, 422, 'Account aan groep gekoppeld.', 0, '2017-05-17 21:51:10'),
(1580, 193, 423, 'Account aan groep gekoppeld.', 0, '2017-05-17 21:51:10'),
(1581, 193, 424, 'Account aan groep gekoppeld.', 0, '2017-05-17 21:51:10'),
(1582, 193, 425, 'Account aan groep gekoppeld.', 0, '2017-05-17 21:51:10'),
(1583, 193, 426, 'Account aan groep gekoppeld.', 0, '2017-05-17 21:51:10'),
(1584, 193, 427, 'Account aan groep gekoppeld.', 0, '2017-05-17 21:51:10'),
(1585, 193, 428, 'Account aan groep gekoppeld.', 0, '2017-05-17 21:51:10'),
(1586, 193, 429, 'Account aan groep gekoppeld.', 0, '2017-05-17 21:51:10'),
(1587, 193, 430, 'Account aan groep gekoppeld.', 0, '2017-05-17 21:51:10'),
(1588, 193, 431, 'Account aan groep gekoppeld.', 0, '2017-05-17 21:51:10'),
(1589, 193, 432, 'Account aan groep gekoppeld.', 0, '2017-05-17 21:51:10'),
(1590, 193, 433, 'Account aan groep gekoppeld.', 0, '2017-05-17 21:51:10'),
(1591, 193, 434, 'Account aan groep gekoppeld.', 0, '2017-05-17 21:51:10'),
(1592, 193, 435, 'Account aan groep gekoppeld.', 0, '2017-05-17 21:51:10'),
(1593, 193, 436, 'Account aan groep gekoppeld.', 0, '2017-05-17 21:51:10'),
(1594, 193, 437, 'Account aan groep gekoppeld.', 0, '2017-05-17 21:51:10'),
(1595, 193, 438, 'Account aan groep gekoppeld.', 0, '2017-05-17 21:51:10'),
(1596, 193, 439, 'Account aan groep gekoppeld.', 0, '2017-05-17 21:51:10'),
(1597, 193, 440, 'Account aan groep gekoppeld.', 0, '2017-05-17 21:51:10'),
(1598, 193, 441, 'Account aan groep gekoppeld.', 0, '2017-05-17 21:51:10'),
(1599, 193, 442, 'Account aan groep gekoppeld.', 0, '2017-05-17 21:51:10'),
(1600, 193, 443, 'Account aan groep gekoppeld.', 0, '2017-05-17 21:51:10'),
(1601, 193, 444, 'Account aan groep gekoppeld.', 0, '2017-05-17 21:51:10'),
(1602, 193, 445, 'Account aan groep gekoppeld.', 0, '2017-05-17 21:51:10'),
(1603, 193, 446, 'Account aan groep gekoppeld.', 0, '2017-05-17 21:51:10'),
(1604, 193, 447, 'Account aan groep gekoppeld.', 0, '2017-05-17 21:51:10'),
(1605, 193, 448, 'Account aan groep gekoppeld.', 0, '2017-05-17 21:51:10'),
(1606, 193, 449, 'Account aan groep gekoppeld.', 0, '2017-05-17 21:51:10'),
(1607, 193, 450, 'Account aan groep gekoppeld.', 0, '2017-05-17 21:51:10'),
(1608, 193, 451, 'Account aan groep gekoppeld.', 0, '2017-05-17 21:51:10'),
(1609, 193, 452, 'Account aan groep gekoppeld.', 0, '2017-05-17 21:51:10'),
(1610, 193, 453, 'Account aan groep gekoppeld.', 0, '2017-05-17 21:51:10'),
(1611, 193, 454, 'Account aan groep gekoppeld.', 0, '2017-05-17 21:51:10'),
(1612, 193, 455, 'Account aan groep gekoppeld.', 0, '2017-05-17 21:51:10'),
(1613, 193, 456, 'Account aan groep gekoppeld.', 0, '2017-05-17 21:51:10'),
(1614, 193, 457, 'Account aan groep gekoppeld.', 0, '2017-05-17 21:51:10'),
(1615, 193, 458, 'Account aan groep gekoppeld.', 0, '2017-05-17 21:51:10'),
(1616, 193, 459, 'Account aan groep gekoppeld.', 0, '2017-05-17 21:51:10'),
(1617, 193, 460, 'Account aan groep gekoppeld.', 0, '2017-05-17 21:51:10'),
(1618, 193, 461, 'Account aan groep gekoppeld.', 0, '2017-05-17 21:51:10'),
(1619, 193, 462, 'Account aan groep gekoppeld.', 0, '2017-05-17 21:51:10'),
(1620, 193, 463, 'Account aan groep gekoppeld.', 0, '2017-05-17 21:51:10'),
(1621, 193, 464, 'Account aan groep gekoppeld.', 0, '2017-05-17 21:51:10'),
(1622, 193, 465, 'Account aan groep gekoppeld.', 0, '2017-05-17 21:51:10'),
(1623, 193, 466, 'Account aan groep gekoppeld.', 0, '2017-05-17 21:51:10'),
(1624, 193, 467, 'Account aan groep gekoppeld.', 0, '2017-05-17 21:51:10'),
(1625, 193, 468, 'Account aan groep gekoppeld.', 0, '2017-05-17 21:51:10'),
(1626, 193, 378, 'Account aan groep gekoppeld.', 0, '2017-05-17 21:51:21'),
(1627, 193, 379, 'Account aan groep gekoppeld.', 0, '2017-05-17 21:51:21'),
(1628, 193, 380, 'Account aan groep gekoppeld.', 0, '2017-05-17 21:51:21'),
(1629, 193, 381, 'Account aan groep gekoppeld.', 0, '2017-05-17 21:51:21'),
(1630, 193, 382, 'Account aan groep gekoppeld.', 0, '2017-05-17 21:51:21'),
(1631, 193, 383, 'Account aan groep gekoppeld.', 0, '2017-05-17 21:51:21'),
(1632, 193, 384, 'Account aan groep gekoppeld.', 0, '2017-05-17 21:51:21'),
(1633, 193, 385, 'Account aan groep gekoppeld.', 0, '2017-05-17 21:51:21'),
(1634, 193, 386, 'Account aan groep gekoppeld.', 0, '2017-05-17 21:51:21'),
(1635, 193, 387, 'Account aan groep gekoppeld.', 0, '2017-05-17 21:51:21'),
(1636, 193, 388, 'Account aan groep gekoppeld.', 0, '2017-05-17 21:51:21'),
(1637, 193, 389, 'Account aan groep gekoppeld.', 0, '2017-05-17 21:51:22'),
(1638, 193, 390, 'Account aan groep gekoppeld.', 0, '2017-05-17 21:51:22'),
(1639, 193, 391, 'Account aan groep gekoppeld.', 0, '2017-05-17 21:51:22'),
(1640, 193, 392, 'Account aan groep gekoppeld.', 0, '2017-05-17 21:51:22'),
(1641, 193, 393, 'Account aan groep gekoppeld.', 0, '2017-05-17 21:51:22'),
(1642, 193, 394, 'Account aan groep gekoppeld.', 0, '2017-05-17 21:51:22'),
(1643, 193, 395, 'Account aan groep gekoppeld.', 0, '2017-05-17 21:51:22'),
(1644, 193, 396, 'Account aan groep gekoppeld.', 0, '2017-05-17 21:51:22'),
(1645, 193, 397, 'Account aan groep gekoppeld.', 0, '2017-05-17 21:51:22'),
(1646, 193, 398, 'Account aan groep gekoppeld.', 0, '2017-05-17 21:51:22'),
(1647, 193, 399, 'Account aan groep gekoppeld.', 0, '2017-05-17 21:51:22'),
(1648, 193, 400, 'Account aan groep gekoppeld.', 0, '2017-05-17 21:51:22'),
(1649, 193, 401, 'Account aan groep gekoppeld.', 0, '2017-05-17 21:51:22'),
(1650, 193, 402, 'Account aan groep gekoppeld.', 0, '2017-05-17 21:51:22'),
(1651, 193, 403, 'Account aan groep gekoppeld.', 0, '2017-05-17 21:51:22'),
(1652, 193, 404, 'Account aan groep gekoppeld.', 0, '2017-05-17 21:51:22'),
(1653, 193, 405, 'Account aan groep gekoppeld.', 0, '2017-05-17 21:51:22'),
(1654, 193, 406, 'Account aan groep gekoppeld.', 0, '2017-05-17 21:51:22'),
(1655, 193, 407, 'Account aan groep gekoppeld.', 0, '2017-05-17 21:51:22'),
(1656, 193, 408, 'Account aan groep gekoppeld.', 0, '2017-05-17 21:51:22'),
(1657, 193, 409, 'Account aan groep gekoppeld.', 0, '2017-05-17 21:51:22'),
(1658, 193, 410, 'Account aan groep gekoppeld.', 0, '2017-05-17 21:51:22'),
(1659, 193, 411, 'Account aan groep gekoppeld.', 0, '2017-05-17 21:51:22'),
(1660, 193, 412, 'Account aan groep gekoppeld.', 0, '2017-05-17 21:51:22'),
(1661, 193, 413, 'Account aan groep gekoppeld.', 0, '2017-05-17 21:51:22'),
(1662, 193, 414, 'Account aan groep gekoppeld.', 0, '2017-05-17 21:51:22'),
(1663, 193, 415, 'Account aan groep gekoppeld.', 0, '2017-05-17 21:51:22'),
(1664, 193, 416, 'Account aan groep gekoppeld.', 0, '2017-05-17 21:51:22'),
(1665, 193, 417, 'Account aan groep gekoppeld.', 0, '2017-05-17 21:51:22'),
(1666, 193, 418, 'Account aan groep gekoppeld.', 0, '2017-05-17 21:51:22'),
(1667, 193, 419, 'Account aan groep gekoppeld.', 0, '2017-05-17 21:51:22'),
(1668, 193, 420, 'Account aan groep gekoppeld.', 0, '2017-05-17 21:51:22'),
(1669, 193, 421, 'Account aan groep gekoppeld.', 0, '2017-05-17 21:51:22'),
(1670, 193, 422, 'Account aan groep gekoppeld.', 0, '2017-05-17 21:51:22'),
(1671, 193, 423, 'Account aan groep gekoppeld.', 0, '2017-05-17 21:51:22'),
(1672, 193, 424, 'Account aan groep gekoppeld.', 0, '2017-05-17 21:51:22'),
(1673, 193, 425, 'Account aan groep gekoppeld.', 0, '2017-05-17 21:51:22'),
(1674, 193, 426, 'Account aan groep gekoppeld.', 0, '2017-05-17 21:51:22'),
(1675, 193, 427, 'Account aan groep gekoppeld.', 0, '2017-05-17 21:51:22'),
(1676, 193, 428, 'Account aan groep gekoppeld.', 0, '2017-05-17 21:51:22'),
(1677, 193, 429, 'Account aan groep gekoppeld.', 0, '2017-05-17 21:51:22'),
(1678, 193, 430, 'Account aan groep gekoppeld.', 0, '2017-05-17 21:51:22'),
(1679, 193, 431, 'Account aan groep gekoppeld.', 0, '2017-05-17 21:51:22'),
(1680, 193, 432, 'Account aan groep gekoppeld.', 0, '2017-05-17 21:51:22'),
(1681, 193, 433, 'Account aan groep gekoppeld.', 0, '2017-05-17 21:51:22'),
(1682, 193, 434, 'Account aan groep gekoppeld.', 0, '2017-05-17 21:51:22'),
(1683, 193, 435, 'Account aan groep gekoppeld.', 0, '2017-05-17 21:51:22'),
(1684, 193, 436, 'Account aan groep gekoppeld.', 0, '2017-05-17 21:51:22'),
(1685, 193, 437, 'Account aan groep gekoppeld.', 0, '2017-05-17 21:51:22'),
(1686, 193, 438, 'Account aan groep gekoppeld.', 0, '2017-05-17 21:51:22'),
(1687, 193, 439, 'Account aan groep gekoppeld.', 0, '2017-05-17 21:51:22');
INSERT INTO `notifications` (`id`, `from_user`, `to_user`, `message`, `seen`, `created_at`) VALUES
(1688, 193, 440, 'Account aan groep gekoppeld.', 0, '2017-05-17 21:51:22'),
(1689, 193, 441, 'Account aan groep gekoppeld.', 0, '2017-05-17 21:51:22'),
(1690, 193, 442, 'Account aan groep gekoppeld.', 0, '2017-05-17 21:51:22'),
(1691, 193, 443, 'Account aan groep gekoppeld.', 0, '2017-05-17 21:51:22'),
(1692, 193, 444, 'Account aan groep gekoppeld.', 0, '2017-05-17 21:51:22'),
(1693, 193, 445, 'Account aan groep gekoppeld.', 0, '2017-05-17 21:51:22'),
(1694, 193, 446, 'Account aan groep gekoppeld.', 0, '2017-05-17 21:51:22'),
(1695, 193, 447, 'Account aan groep gekoppeld.', 0, '2017-05-17 21:51:22'),
(1696, 193, 448, 'Account aan groep gekoppeld.', 0, '2017-05-17 21:51:22'),
(1697, 193, 449, 'Account aan groep gekoppeld.', 0, '2017-05-17 21:51:22'),
(1698, 193, 450, 'Account aan groep gekoppeld.', 0, '2017-05-17 21:51:22'),
(1699, 193, 451, 'Account aan groep gekoppeld.', 0, '2017-05-17 21:51:22'),
(1700, 193, 452, 'Account aan groep gekoppeld.', 0, '2017-05-17 21:51:22'),
(1701, 193, 453, 'Account aan groep gekoppeld.', 0, '2017-05-17 21:51:22'),
(1702, 193, 454, 'Account aan groep gekoppeld.', 0, '2017-05-17 21:51:22'),
(1703, 193, 455, 'Account aan groep gekoppeld.', 0, '2017-05-17 21:51:22'),
(1704, 193, 456, 'Account aan groep gekoppeld.', 0, '2017-05-17 21:51:22'),
(1705, 193, 457, 'Account aan groep gekoppeld.', 0, '2017-05-17 21:51:22'),
(1706, 193, 458, 'Account aan groep gekoppeld.', 0, '2017-05-17 21:51:22'),
(1707, 193, 459, 'Account aan groep gekoppeld.', 0, '2017-05-17 21:51:22'),
(1708, 193, 460, 'Account aan groep gekoppeld.', 0, '2017-05-17 21:51:23'),
(1709, 193, 461, 'Account aan groep gekoppeld.', 0, '2017-05-17 21:51:23'),
(1710, 193, 462, 'Account aan groep gekoppeld.', 0, '2017-05-17 21:51:23'),
(1711, 193, 463, 'Account aan groep gekoppeld.', 0, '2017-05-17 21:51:23'),
(1712, 193, 464, 'Account aan groep gekoppeld.', 0, '2017-05-17 21:51:23'),
(1713, 193, 465, 'Account aan groep gekoppeld.', 0, '2017-05-17 21:51:23'),
(1714, 193, 466, 'Account aan groep gekoppeld.', 0, '2017-05-17 21:51:23'),
(1715, 193, 467, 'Account aan groep gekoppeld.', 0, '2017-05-17 21:51:23'),
(1716, 193, 468, 'Account aan groep gekoppeld.', 0, '2017-05-17 21:51:23'),
(1717, 193, 378, 'Account aan groep gekoppeld.', 0, '2017-05-17 21:51:38'),
(1718, 193, 379, 'Account aan groep gekoppeld.', 0, '2017-05-17 21:51:38'),
(1719, 193, 380, 'Account aan groep gekoppeld.', 0, '2017-05-17 21:51:38'),
(1720, 193, 381, 'Account aan groep gekoppeld.', 0, '2017-05-17 21:51:38'),
(1721, 193, 382, 'Account aan groep gekoppeld.', 0, '2017-05-17 21:51:38'),
(1722, 193, 383, 'Account aan groep gekoppeld.', 0, '2017-05-17 21:51:38'),
(1723, 193, 384, 'Account aan groep gekoppeld.', 0, '2017-05-17 21:51:38'),
(1724, 193, 385, 'Account aan groep gekoppeld.', 0, '2017-05-17 21:51:38'),
(1725, 193, 386, 'Account aan groep gekoppeld.', 0, '2017-05-17 21:51:38'),
(1726, 193, 387, 'Account aan groep gekoppeld.', 0, '2017-05-17 21:51:38'),
(1727, 193, 388, 'Account aan groep gekoppeld.', 0, '2017-05-17 21:51:38'),
(1728, 193, 389, 'Account aan groep gekoppeld.', 0, '2017-05-17 21:51:38'),
(1729, 193, 390, 'Account aan groep gekoppeld.', 0, '2017-05-17 21:51:38'),
(1730, 193, 391, 'Account aan groep gekoppeld.', 0, '2017-05-17 21:51:38'),
(1731, 193, 392, 'Account aan groep gekoppeld.', 0, '2017-05-17 21:51:38'),
(1732, 193, 393, 'Account aan groep gekoppeld.', 0, '2017-05-17 21:51:38'),
(1733, 193, 394, 'Account aan groep gekoppeld.', 0, '2017-05-17 21:51:38'),
(1734, 193, 395, 'Account aan groep gekoppeld.', 0, '2017-05-17 21:51:38'),
(1735, 193, 396, 'Account aan groep gekoppeld.', 0, '2017-05-17 21:51:38'),
(1736, 193, 397, 'Account aan groep gekoppeld.', 0, '2017-05-17 21:51:38'),
(1737, 193, 398, 'Account aan groep gekoppeld.', 0, '2017-05-17 21:51:38'),
(1738, 193, 399, 'Account aan groep gekoppeld.', 0, '2017-05-17 21:51:38'),
(1739, 193, 400, 'Account aan groep gekoppeld.', 0, '2017-05-17 21:51:38'),
(1740, 193, 401, 'Account aan groep gekoppeld.', 0, '2017-05-17 21:51:38'),
(1741, 193, 402, 'Account aan groep gekoppeld.', 0, '2017-05-17 21:51:38'),
(1742, 193, 403, 'Account aan groep gekoppeld.', 0, '2017-05-17 21:51:38'),
(1743, 193, 404, 'Account aan groep gekoppeld.', 0, '2017-05-17 21:51:38'),
(1744, 193, 405, 'Account aan groep gekoppeld.', 0, '2017-05-17 21:51:38'),
(1745, 193, 406, 'Account aan groep gekoppeld.', 0, '2017-05-17 21:51:38'),
(1746, 193, 407, 'Account aan groep gekoppeld.', 0, '2017-05-17 21:51:38'),
(1747, 193, 408, 'Account aan groep gekoppeld.', 0, '2017-05-17 21:51:38'),
(1748, 193, 409, 'Account aan groep gekoppeld.', 0, '2017-05-17 21:51:39'),
(1749, 193, 410, 'Account aan groep gekoppeld.', 0, '2017-05-17 21:51:39'),
(1750, 193, 411, 'Account aan groep gekoppeld.', 0, '2017-05-17 21:51:39'),
(1751, 193, 412, 'Account aan groep gekoppeld.', 0, '2017-05-17 21:51:39'),
(1752, 193, 413, 'Account aan groep gekoppeld.', 0, '2017-05-17 21:51:39'),
(1753, 193, 414, 'Account aan groep gekoppeld.', 0, '2017-05-17 21:51:39'),
(1754, 193, 415, 'Account aan groep gekoppeld.', 0, '2017-05-17 21:51:39'),
(1755, 193, 416, 'Account aan groep gekoppeld.', 0, '2017-05-17 21:51:39'),
(1756, 193, 417, 'Account aan groep gekoppeld.', 0, '2017-05-17 21:51:39'),
(1757, 193, 418, 'Account aan groep gekoppeld.', 0, '2017-05-17 21:51:39'),
(1758, 193, 419, 'Account aan groep gekoppeld.', 0, '2017-05-17 21:51:39'),
(1759, 193, 420, 'Account aan groep gekoppeld.', 0, '2017-05-17 21:51:39'),
(1760, 193, 421, 'Account aan groep gekoppeld.', 0, '2017-05-17 21:51:39'),
(1761, 193, 422, 'Account aan groep gekoppeld.', 0, '2017-05-17 21:51:39'),
(1762, 193, 423, 'Account aan groep gekoppeld.', 0, '2017-05-17 21:51:39'),
(1763, 193, 424, 'Account aan groep gekoppeld.', 0, '2017-05-17 21:51:39'),
(1764, 193, 425, 'Account aan groep gekoppeld.', 0, '2017-05-17 21:51:39'),
(1765, 193, 426, 'Account aan groep gekoppeld.', 0, '2017-05-17 21:51:39'),
(1766, 193, 427, 'Account aan groep gekoppeld.', 0, '2017-05-17 21:51:39'),
(1767, 193, 428, 'Account aan groep gekoppeld.', 0, '2017-05-17 21:51:39'),
(1768, 193, 429, 'Account aan groep gekoppeld.', 0, '2017-05-17 21:51:39'),
(1769, 193, 430, 'Account aan groep gekoppeld.', 0, '2017-05-17 21:51:39'),
(1770, 193, 431, 'Account aan groep gekoppeld.', 0, '2017-05-17 21:51:39'),
(1771, 193, 432, 'Account aan groep gekoppeld.', 0, '2017-05-17 21:51:39'),
(1772, 193, 433, 'Account aan groep gekoppeld.', 0, '2017-05-17 21:51:39'),
(1773, 193, 434, 'Account aan groep gekoppeld.', 0, '2017-05-17 21:51:39'),
(1774, 193, 435, 'Account aan groep gekoppeld.', 0, '2017-05-17 21:51:39'),
(1775, 193, 436, 'Account aan groep gekoppeld.', 0, '2017-05-17 21:51:39'),
(1776, 193, 437, 'Account aan groep gekoppeld.', 0, '2017-05-17 21:51:39'),
(1777, 193, 438, 'Account aan groep gekoppeld.', 0, '2017-05-17 21:51:39'),
(1778, 193, 439, 'Account aan groep gekoppeld.', 0, '2017-05-17 21:51:39'),
(1779, 193, 440, 'Account aan groep gekoppeld.', 0, '2017-05-17 21:51:39'),
(1780, 193, 441, 'Account aan groep gekoppeld.', 0, '2017-05-17 21:51:39'),
(1781, 193, 442, 'Account aan groep gekoppeld.', 0, '2017-05-17 21:51:39'),
(1782, 193, 443, 'Account aan groep gekoppeld.', 0, '2017-05-17 21:51:39'),
(1783, 193, 444, 'Account aan groep gekoppeld.', 0, '2017-05-17 21:51:39'),
(1784, 193, 445, 'Account aan groep gekoppeld.', 0, '2017-05-17 21:51:39'),
(1785, 193, 446, 'Account aan groep gekoppeld.', 0, '2017-05-17 21:51:39'),
(1786, 193, 447, 'Account aan groep gekoppeld.', 0, '2017-05-17 21:51:39'),
(1787, 193, 448, 'Account aan groep gekoppeld.', 0, '2017-05-17 21:51:39'),
(1788, 193, 449, 'Account aan groep gekoppeld.', 0, '2017-05-17 21:51:39'),
(1789, 193, 450, 'Account aan groep gekoppeld.', 0, '2017-05-17 21:51:39'),
(1790, 193, 451, 'Account aan groep gekoppeld.', 0, '2017-05-17 21:51:39'),
(1791, 193, 452, 'Account aan groep gekoppeld.', 0, '2017-05-17 21:51:39'),
(1792, 193, 453, 'Account aan groep gekoppeld.', 0, '2017-05-17 21:51:39'),
(1793, 193, 454, 'Account aan groep gekoppeld.', 0, '2017-05-17 21:51:39'),
(1794, 193, 455, 'Account aan groep gekoppeld.', 0, '2017-05-17 21:51:39'),
(1795, 193, 456, 'Account aan groep gekoppeld.', 0, '2017-05-17 21:51:39'),
(1796, 193, 457, 'Account aan groep gekoppeld.', 0, '2017-05-17 21:51:39'),
(1797, 193, 458, 'Account aan groep gekoppeld.', 0, '2017-05-17 21:51:39'),
(1798, 193, 459, 'Account aan groep gekoppeld.', 0, '2017-05-17 21:51:39'),
(1799, 193, 460, 'Account aan groep gekoppeld.', 0, '2017-05-17 21:51:39'),
(1800, 193, 461, 'Account aan groep gekoppeld.', 0, '2017-05-17 21:51:39'),
(1801, 193, 462, 'Account aan groep gekoppeld.', 0, '2017-05-17 21:51:39'),
(1802, 193, 463, 'Account aan groep gekoppeld.', 0, '2017-05-17 21:51:39'),
(1803, 193, 464, 'Account aan groep gekoppeld.', 0, '2017-05-17 21:51:39'),
(1804, 193, 465, 'Account aan groep gekoppeld.', 0, '2017-05-17 21:51:39'),
(1805, 193, 466, 'Account aan groep gekoppeld.', 0, '2017-05-17 21:51:39'),
(1806, 193, 467, 'Account aan groep gekoppeld.', 0, '2017-05-17 21:51:39'),
(1807, 193, 468, 'Account aan groep gekoppeld.', 0, '2017-05-17 21:51:39'),
(1808, 193, 378, 'Account aan groep gekoppeld.', 0, '2017-05-17 21:52:46'),
(1809, 193, 379, 'Account aan groep gekoppeld.', 0, '2017-05-17 21:52:46'),
(1810, 193, 380, 'Account aan groep gekoppeld.', 0, '2017-05-17 21:52:46'),
(1811, 193, 381, 'Account aan groep gekoppeld.', 0, '2017-05-17 21:52:47'),
(1812, 193, 382, 'Account aan groep gekoppeld.', 0, '2017-05-17 21:52:47'),
(1813, 193, 383, 'Account aan groep gekoppeld.', 0, '2017-05-17 21:52:47'),
(1814, 193, 384, 'Account aan groep gekoppeld.', 0, '2017-05-17 21:52:47'),
(1815, 193, 385, 'Account aan groep gekoppeld.', 0, '2017-05-17 21:52:47'),
(1816, 193, 386, 'Account aan groep gekoppeld.', 0, '2017-05-17 21:52:47'),
(1817, 193, 387, 'Account aan groep gekoppeld.', 0, '2017-05-17 21:52:47'),
(1818, 193, 388, 'Account aan groep gekoppeld.', 0, '2017-05-17 21:52:47'),
(1819, 193, 389, 'Account aan groep gekoppeld.', 0, '2017-05-17 21:52:47'),
(1820, 193, 390, 'Account aan groep gekoppeld.', 0, '2017-05-17 21:52:47'),
(1821, 193, 391, 'Account aan groep gekoppeld.', 0, '2017-05-17 21:52:47'),
(1822, 193, 392, 'Account aan groep gekoppeld.', 0, '2017-05-17 21:52:47'),
(1823, 193, 393, 'Account aan groep gekoppeld.', 0, '2017-05-17 21:52:47'),
(1824, 193, 394, 'Account aan groep gekoppeld.', 0, '2017-05-17 21:52:47'),
(1825, 193, 395, 'Account aan groep gekoppeld.', 0, '2017-05-17 21:52:47'),
(1826, 193, 396, 'Account aan groep gekoppeld.', 0, '2017-05-17 21:52:47'),
(1827, 193, 397, 'Account aan groep gekoppeld.', 0, '2017-05-17 21:52:47'),
(1828, 193, 398, 'Account aan groep gekoppeld.', 0, '2017-05-17 21:52:47'),
(1829, 193, 399, 'Account aan groep gekoppeld.', 0, '2017-05-17 21:52:47'),
(1830, 193, 400, 'Account aan groep gekoppeld.', 0, '2017-05-17 21:52:47'),
(1831, 193, 401, 'Account aan groep gekoppeld.', 0, '2017-05-17 21:52:47'),
(1832, 193, 402, 'Account aan groep gekoppeld.', 0, '2017-05-17 21:52:47'),
(1833, 193, 403, 'Account aan groep gekoppeld.', 0, '2017-05-17 21:52:47'),
(1834, 193, 404, 'Account aan groep gekoppeld.', 0, '2017-05-17 21:52:47'),
(1835, 193, 405, 'Account aan groep gekoppeld.', 0, '2017-05-17 21:52:47'),
(1836, 193, 406, 'Account aan groep gekoppeld.', 0, '2017-05-17 21:52:47'),
(1837, 193, 407, 'Account aan groep gekoppeld.', 0, '2017-05-17 21:52:47'),
(1838, 193, 408, 'Account aan groep gekoppeld.', 0, '2017-05-17 21:52:47'),
(1839, 193, 409, 'Account aan groep gekoppeld.', 0, '2017-05-17 21:52:47'),
(1840, 193, 410, 'Account aan groep gekoppeld.', 0, '2017-05-17 21:52:47'),
(1841, 193, 411, 'Account aan groep gekoppeld.', 0, '2017-05-17 21:52:47'),
(1842, 193, 412, 'Account aan groep gekoppeld.', 0, '2017-05-17 21:52:47'),
(1843, 193, 413, 'Account aan groep gekoppeld.', 0, '2017-05-17 21:52:47'),
(1844, 193, 414, 'Account aan groep gekoppeld.', 0, '2017-05-17 21:52:47'),
(1845, 193, 415, 'Account aan groep gekoppeld.', 0, '2017-05-17 21:52:47'),
(1846, 193, 416, 'Account aan groep gekoppeld.', 0, '2017-05-17 21:52:47'),
(1847, 193, 417, 'Account aan groep gekoppeld.', 0, '2017-05-17 21:52:47'),
(1848, 193, 418, 'Account aan groep gekoppeld.', 0, '2017-05-17 21:52:47'),
(1849, 193, 419, 'Account aan groep gekoppeld.', 0, '2017-05-17 21:52:47'),
(1850, 193, 420, 'Account aan groep gekoppeld.', 0, '2017-05-17 21:52:47'),
(1851, 193, 421, 'Account aan groep gekoppeld.', 0, '2017-05-17 21:52:47'),
(1852, 193, 422, 'Account aan groep gekoppeld.', 0, '2017-05-17 21:52:47'),
(1853, 193, 423, 'Account aan groep gekoppeld.', 0, '2017-05-17 21:52:47'),
(1854, 193, 424, 'Account aan groep gekoppeld.', 0, '2017-05-17 21:52:47'),
(1855, 193, 425, 'Account aan groep gekoppeld.', 0, '2017-05-17 21:52:47'),
(1856, 193, 426, 'Account aan groep gekoppeld.', 0, '2017-05-17 21:52:47'),
(1857, 193, 427, 'Account aan groep gekoppeld.', 0, '2017-05-17 21:52:47'),
(1858, 193, 428, 'Account aan groep gekoppeld.', 0, '2017-05-17 21:52:47'),
(1859, 193, 429, 'Account aan groep gekoppeld.', 0, '2017-05-17 21:52:47'),
(1860, 193, 430, 'Account aan groep gekoppeld.', 0, '2017-05-17 21:52:47'),
(1861, 193, 431, 'Account aan groep gekoppeld.', 0, '2017-05-17 21:52:47'),
(1862, 193, 432, 'Account aan groep gekoppeld.', 0, '2017-05-17 21:52:47'),
(1863, 193, 433, 'Account aan groep gekoppeld.', 0, '2017-05-17 21:52:47'),
(1864, 193, 434, 'Account aan groep gekoppeld.', 0, '2017-05-17 21:52:47'),
(1865, 193, 435, 'Account aan groep gekoppeld.', 0, '2017-05-17 21:52:47'),
(1866, 193, 436, 'Account aan groep gekoppeld.', 0, '2017-05-17 21:52:47'),
(1867, 193, 437, 'Account aan groep gekoppeld.', 0, '2017-05-17 21:52:47'),
(1868, 193, 438, 'Account aan groep gekoppeld.', 0, '2017-05-17 21:52:47'),
(1869, 193, 439, 'Account aan groep gekoppeld.', 0, '2017-05-17 21:52:47'),
(1870, 193, 440, 'Account aan groep gekoppeld.', 0, '2017-05-17 21:52:47'),
(1871, 193, 441, 'Account aan groep gekoppeld.', 0, '2017-05-17 21:52:47'),
(1872, 193, 442, 'Account aan groep gekoppeld.', 0, '2017-05-17 21:52:47'),
(1873, 193, 443, 'Account aan groep gekoppeld.', 0, '2017-05-17 21:52:47'),
(1874, 193, 444, 'Account aan groep gekoppeld.', 0, '2017-05-17 21:52:47'),
(1875, 193, 445, 'Account aan groep gekoppeld.', 0, '2017-05-17 21:52:47'),
(1876, 193, 446, 'Account aan groep gekoppeld.', 0, '2017-05-17 21:52:47'),
(1877, 193, 447, 'Account aan groep gekoppeld.', 0, '2017-05-17 21:52:48'),
(1878, 193, 448, 'Account aan groep gekoppeld.', 0, '2017-05-17 21:52:48'),
(1879, 193, 449, 'Account aan groep gekoppeld.', 0, '2017-05-17 21:52:48'),
(1880, 193, 450, 'Account aan groep gekoppeld.', 0, '2017-05-17 21:52:48'),
(1881, 193, 451, 'Account aan groep gekoppeld.', 0, '2017-05-17 21:52:48'),
(1882, 193, 452, 'Account aan groep gekoppeld.', 0, '2017-05-17 21:52:48'),
(1883, 193, 453, 'Account aan groep gekoppeld.', 0, '2017-05-17 21:52:48'),
(1884, 193, 454, 'Account aan groep gekoppeld.', 0, '2017-05-17 21:52:48'),
(1885, 193, 455, 'Account aan groep gekoppeld.', 0, '2017-05-17 21:52:48'),
(1886, 193, 456, 'Account aan groep gekoppeld.', 0, '2017-05-17 21:52:48'),
(1887, 193, 457, 'Account aan groep gekoppeld.', 0, '2017-05-17 21:52:48'),
(1888, 193, 458, 'Account aan groep gekoppeld.', 0, '2017-05-17 21:52:48'),
(1889, 193, 459, 'Account aan groep gekoppeld.', 0, '2017-05-17 21:52:48'),
(1890, 193, 460, 'Account aan groep gekoppeld.', 0, '2017-05-17 21:52:48'),
(1891, 193, 461, 'Account aan groep gekoppeld.', 0, '2017-05-17 21:52:48'),
(1892, 193, 462, 'Account aan groep gekoppeld.', 0, '2017-05-17 21:52:48'),
(1893, 193, 463, 'Account aan groep gekoppeld.', 0, '2017-05-17 21:52:48'),
(1894, 193, 464, 'Account aan groep gekoppeld.', 0, '2017-05-17 21:52:48'),
(1895, 193, 465, 'Account aan groep gekoppeld.', 0, '2017-05-17 21:52:48'),
(1896, 193, 466, 'Account aan groep gekoppeld.', 0, '2017-05-17 21:52:48'),
(1897, 193, 467, 'Account aan groep gekoppeld.', 0, '2017-05-17 21:52:48'),
(1898, 193, 468, 'Account aan groep gekoppeld.', 0, '2017-05-17 21:52:48'),
(1899, 193, 378, 'Account aan groep gekoppeld.', 0, '2017-05-17 21:53:56'),
(1900, 193, 379, 'Account aan groep gekoppeld.', 0, '2017-05-17 21:53:56'),
(1901, 193, 380, 'Account aan groep gekoppeld.', 0, '2017-05-17 21:53:56'),
(1902, 193, 381, 'Account aan groep gekoppeld.', 0, '2017-05-17 21:53:56'),
(1903, 193, 382, 'Account aan groep gekoppeld.', 0, '2017-05-17 21:53:56'),
(1904, 193, 383, 'Account aan groep gekoppeld.', 0, '2017-05-17 21:53:56'),
(1905, 193, 384, 'Account aan groep gekoppeld.', 0, '2017-05-17 21:53:56'),
(1906, 193, 385, 'Account aan groep gekoppeld.', 0, '2017-05-17 21:53:56'),
(1907, 193, 386, 'Account aan groep gekoppeld.', 0, '2017-05-17 21:53:56'),
(1908, 193, 387, 'Account aan groep gekoppeld.', 0, '2017-05-17 21:53:56'),
(1909, 193, 388, 'Account aan groep gekoppeld.', 0, '2017-05-17 21:53:56'),
(1910, 193, 389, 'Account aan groep gekoppeld.', 0, '2017-05-17 21:53:56'),
(1911, 193, 390, 'Account aan groep gekoppeld.', 0, '2017-05-17 21:53:56'),
(1912, 193, 391, 'Account aan groep gekoppeld.', 0, '2017-05-17 21:53:56'),
(1913, 193, 392, 'Account aan groep gekoppeld.', 0, '2017-05-17 21:53:56'),
(1914, 193, 393, 'Account aan groep gekoppeld.', 0, '2017-05-17 21:53:56'),
(1915, 193, 394, 'Account aan groep gekoppeld.', 0, '2017-05-17 21:53:56'),
(1916, 193, 395, 'Account aan groep gekoppeld.', 0, '2017-05-17 21:53:56'),
(1917, 193, 396, 'Account aan groep gekoppeld.', 0, '2017-05-17 21:53:56'),
(1918, 193, 397, 'Account aan groep gekoppeld.', 0, '2017-05-17 21:53:56'),
(1919, 193, 398, 'Account aan groep gekoppeld.', 0, '2017-05-17 21:53:56'),
(1920, 193, 399, 'Account aan groep gekoppeld.', 0, '2017-05-17 21:53:56'),
(1921, 193, 400, 'Account aan groep gekoppeld.', 0, '2017-05-17 21:53:56'),
(1922, 193, 401, 'Account aan groep gekoppeld.', 0, '2017-05-17 21:53:56'),
(1923, 193, 402, 'Account aan groep gekoppeld.', 0, '2017-05-17 21:53:56'),
(1924, 193, 403, 'Account aan groep gekoppeld.', 0, '2017-05-17 21:53:56'),
(1925, 193, 404, 'Account aan groep gekoppeld.', 0, '2017-05-17 21:53:56'),
(1926, 193, 405, 'Account aan groep gekoppeld.', 0, '2017-05-17 21:53:57'),
(1927, 193, 406, 'Account aan groep gekoppeld.', 0, '2017-05-17 21:53:57'),
(1928, 193, 407, 'Account aan groep gekoppeld.', 0, '2017-05-17 21:53:57'),
(1929, 193, 408, 'Account aan groep gekoppeld.', 0, '2017-05-17 21:53:57'),
(1930, 193, 409, 'Account aan groep gekoppeld.', 0, '2017-05-17 21:53:57'),
(1931, 193, 410, 'Account aan groep gekoppeld.', 0, '2017-05-17 21:53:57'),
(1932, 193, 411, 'Account aan groep gekoppeld.', 0, '2017-05-17 21:53:57'),
(1933, 193, 412, 'Account aan groep gekoppeld.', 0, '2017-05-17 21:53:57'),
(1934, 193, 413, 'Account aan groep gekoppeld.', 0, '2017-05-17 21:53:57'),
(1935, 193, 414, 'Account aan groep gekoppeld.', 0, '2017-05-17 21:53:57'),
(1936, 193, 415, 'Account aan groep gekoppeld.', 0, '2017-05-17 21:53:57'),
(1937, 193, 416, 'Account aan groep gekoppeld.', 0, '2017-05-17 21:53:57'),
(1938, 193, 417, 'Account aan groep gekoppeld.', 0, '2017-05-17 21:53:57'),
(1939, 193, 418, 'Account aan groep gekoppeld.', 0, '2017-05-17 21:53:57'),
(1940, 193, 419, 'Account aan groep gekoppeld.', 0, '2017-05-17 21:53:57'),
(1941, 193, 420, 'Account aan groep gekoppeld.', 0, '2017-05-17 21:53:57'),
(1942, 193, 421, 'Account aan groep gekoppeld.', 0, '2017-05-17 21:53:57'),
(1943, 193, 422, 'Account aan groep gekoppeld.', 0, '2017-05-17 21:53:57'),
(1944, 193, 423, 'Account aan groep gekoppeld.', 0, '2017-05-17 21:53:57'),
(1945, 193, 424, 'Account aan groep gekoppeld.', 0, '2017-05-17 21:53:57'),
(1946, 193, 425, 'Account aan groep gekoppeld.', 0, '2017-05-17 21:53:57'),
(1947, 193, 426, 'Account aan groep gekoppeld.', 0, '2017-05-17 21:53:57'),
(1948, 193, 427, 'Account aan groep gekoppeld.', 0, '2017-05-17 21:53:57'),
(1949, 193, 428, 'Account aan groep gekoppeld.', 0, '2017-05-17 21:53:57'),
(1950, 193, 429, 'Account aan groep gekoppeld.', 0, '2017-05-17 21:53:57'),
(1951, 193, 430, 'Account aan groep gekoppeld.', 0, '2017-05-17 21:53:57'),
(1952, 193, 431, 'Account aan groep gekoppeld.', 0, '2017-05-17 21:53:57'),
(1953, 193, 432, 'Account aan groep gekoppeld.', 0, '2017-05-17 21:53:57'),
(1954, 193, 433, 'Account aan groep gekoppeld.', 0, '2017-05-17 21:53:57'),
(1955, 193, 434, 'Account aan groep gekoppeld.', 0, '2017-05-17 21:53:57'),
(1956, 193, 435, 'Account aan groep gekoppeld.', 0, '2017-05-17 21:53:57'),
(1957, 193, 436, 'Account aan groep gekoppeld.', 0, '2017-05-17 21:53:57'),
(1958, 193, 437, 'Account aan groep gekoppeld.', 0, '2017-05-17 21:53:57'),
(1959, 193, 438, 'Account aan groep gekoppeld.', 0, '2017-05-17 21:53:57'),
(1960, 193, 439, 'Account aan groep gekoppeld.', 0, '2017-05-17 21:53:57'),
(1961, 193, 440, 'Account aan groep gekoppeld.', 0, '2017-05-17 21:53:57'),
(1962, 193, 441, 'Account aan groep gekoppeld.', 0, '2017-05-17 21:53:57'),
(1963, 193, 442, 'Account aan groep gekoppeld.', 0, '2017-05-17 21:53:57'),
(1964, 193, 443, 'Account aan groep gekoppeld.', 0, '2017-05-17 21:53:57'),
(1965, 193, 444, 'Account aan groep gekoppeld.', 0, '2017-05-17 21:53:57'),
(1966, 193, 445, 'Account aan groep gekoppeld.', 0, '2017-05-17 21:53:57'),
(1967, 193, 446, 'Account aan groep gekoppeld.', 0, '2017-05-17 21:53:57'),
(1968, 193, 447, 'Account aan groep gekoppeld.', 0, '2017-05-17 21:53:57'),
(1969, 193, 448, 'Account aan groep gekoppeld.', 0, '2017-05-17 21:53:57'),
(1970, 193, 449, 'Account aan groep gekoppeld.', 0, '2017-05-17 21:53:57'),
(1971, 193, 450, 'Account aan groep gekoppeld.', 0, '2017-05-17 21:53:57'),
(1972, 193, 451, 'Account aan groep gekoppeld.', 0, '2017-05-17 21:53:57'),
(1973, 193, 452, 'Account aan groep gekoppeld.', 0, '2017-05-17 21:53:57'),
(1974, 193, 453, 'Account aan groep gekoppeld.', 0, '2017-05-17 21:53:57'),
(1975, 193, 454, 'Account aan groep gekoppeld.', 0, '2017-05-17 21:53:57'),
(1976, 193, 455, 'Account aan groep gekoppeld.', 0, '2017-05-17 21:53:57'),
(1977, 193, 456, 'Account aan groep gekoppeld.', 0, '2017-05-17 21:53:57'),
(1978, 193, 457, 'Account aan groep gekoppeld.', 0, '2017-05-17 21:53:57'),
(1979, 193, 458, 'Account aan groep gekoppeld.', 0, '2017-05-17 21:53:57'),
(1980, 193, 459, 'Account aan groep gekoppeld.', 0, '2017-05-17 21:53:57'),
(1981, 193, 460, 'Account aan groep gekoppeld.', 0, '2017-05-17 21:53:57'),
(1982, 193, 461, 'Account aan groep gekoppeld.', 0, '2017-05-17 21:53:57'),
(1983, 193, 462, 'Account aan groep gekoppeld.', 0, '2017-05-17 21:53:57'),
(1984, 193, 463, 'Account aan groep gekoppeld.', 0, '2017-05-17 21:53:57'),
(1985, 193, 464, 'Account aan groep gekoppeld.', 0, '2017-05-17 21:53:57'),
(1986, 193, 465, 'Account aan groep gekoppeld.', 0, '2017-05-17 21:53:57'),
(1987, 193, 466, 'Account aan groep gekoppeld.', 0, '2017-05-17 21:53:57'),
(1988, 193, 467, 'Account aan groep gekoppeld.', 0, '2017-05-17 21:53:57'),
(1989, 193, 468, 'Account aan groep gekoppeld.', 0, '2017-05-17 21:53:57'),
(1990, 193, 378, 'Account aan groep gekoppeld.', 0, '2017-05-17 21:59:42'),
(1991, 193, 379, 'Account aan groep gekoppeld.', 0, '2017-05-17 21:59:42'),
(1992, 193, 380, 'Account aan groep gekoppeld.', 0, '2017-05-17 21:59:42'),
(1993, 193, 381, 'Account aan groep gekoppeld.', 0, '2017-05-17 21:59:42'),
(1994, 193, 382, 'Account aan groep gekoppeld.', 0, '2017-05-17 21:59:42'),
(1995, 193, 383, 'Account aan groep gekoppeld.', 0, '2017-05-17 21:59:42'),
(1996, 193, 384, 'Account aan groep gekoppeld.', 0, '2017-05-17 21:59:42'),
(1997, 193, 385, 'Account aan groep gekoppeld.', 0, '2017-05-17 21:59:42'),
(1998, 193, 386, 'Account aan groep gekoppeld.', 0, '2017-05-17 21:59:42'),
(1999, 193, 387, 'Account aan groep gekoppeld.', 0, '2017-05-17 21:59:42'),
(2000, 193, 388, 'Account aan groep gekoppeld.', 0, '2017-05-17 21:59:42'),
(2001, 193, 389, 'Account aan groep gekoppeld.', 0, '2017-05-17 21:59:42'),
(2002, 193, 390, 'Account aan groep gekoppeld.', 0, '2017-05-17 21:59:42'),
(2003, 193, 391, 'Account aan groep gekoppeld.', 0, '2017-05-17 21:59:42'),
(2004, 193, 392, 'Account aan groep gekoppeld.', 0, '2017-05-17 21:59:42'),
(2005, 193, 393, 'Account aan groep gekoppeld.', 0, '2017-05-17 21:59:42'),
(2006, 193, 394, 'Account aan groep gekoppeld.', 0, '2017-05-17 21:59:42'),
(2007, 193, 395, 'Account aan groep gekoppeld.', 0, '2017-05-17 21:59:42'),
(2008, 193, 396, 'Account aan groep gekoppeld.', 0, '2017-05-17 21:59:43'),
(2009, 193, 397, 'Account aan groep gekoppeld.', 0, '2017-05-17 21:59:43'),
(2010, 193, 398, 'Account aan groep gekoppeld.', 0, '2017-05-17 21:59:43'),
(2011, 193, 399, 'Account aan groep gekoppeld.', 0, '2017-05-17 21:59:43'),
(2012, 193, 400, 'Account aan groep gekoppeld.', 0, '2017-05-17 21:59:43'),
(2013, 193, 401, 'Account aan groep gekoppeld.', 0, '2017-05-17 21:59:43'),
(2014, 193, 402, 'Account aan groep gekoppeld.', 0, '2017-05-17 21:59:43'),
(2015, 193, 403, 'Account aan groep gekoppeld.', 0, '2017-05-17 21:59:43'),
(2016, 193, 404, 'Account aan groep gekoppeld.', 0, '2017-05-17 21:59:43'),
(2017, 193, 405, 'Account aan groep gekoppeld.', 0, '2017-05-17 21:59:43'),
(2018, 193, 406, 'Account aan groep gekoppeld.', 0, '2017-05-17 21:59:43'),
(2019, 193, 407, 'Account aan groep gekoppeld.', 0, '2017-05-17 21:59:43'),
(2020, 193, 408, 'Account aan groep gekoppeld.', 0, '2017-05-17 21:59:43'),
(2021, 193, 409, 'Account aan groep gekoppeld.', 0, '2017-05-17 21:59:43'),
(2022, 193, 410, 'Account aan groep gekoppeld.', 0, '2017-05-17 21:59:43'),
(2023, 193, 411, 'Account aan groep gekoppeld.', 0, '2017-05-17 21:59:43'),
(2024, 193, 412, 'Account aan groep gekoppeld.', 0, '2017-05-17 21:59:43'),
(2025, 193, 413, 'Account aan groep gekoppeld.', 0, '2017-05-17 21:59:43'),
(2026, 193, 414, 'Account aan groep gekoppeld.', 0, '2017-05-17 21:59:43'),
(2027, 193, 415, 'Account aan groep gekoppeld.', 0, '2017-05-17 21:59:43'),
(2028, 193, 416, 'Account aan groep gekoppeld.', 0, '2017-05-17 21:59:43'),
(2029, 193, 417, 'Account aan groep gekoppeld.', 0, '2017-05-17 21:59:43'),
(2030, 193, 418, 'Account aan groep gekoppeld.', 0, '2017-05-17 21:59:43'),
(2031, 193, 419, 'Account aan groep gekoppeld.', 0, '2017-05-17 21:59:43'),
(2032, 193, 420, 'Account aan groep gekoppeld.', 0, '2017-05-17 21:59:43'),
(2033, 193, 421, 'Account aan groep gekoppeld.', 0, '2017-05-17 21:59:43'),
(2034, 193, 422, 'Account aan groep gekoppeld.', 0, '2017-05-17 21:59:43'),
(2035, 193, 423, 'Account aan groep gekoppeld.', 0, '2017-05-17 21:59:43'),
(2036, 193, 424, 'Account aan groep gekoppeld.', 0, '2017-05-17 21:59:43'),
(2037, 193, 425, 'Account aan groep gekoppeld.', 0, '2017-05-17 21:59:43'),
(2038, 193, 426, 'Account aan groep gekoppeld.', 0, '2017-05-17 21:59:43'),
(2039, 193, 427, 'Account aan groep gekoppeld.', 0, '2017-05-17 21:59:43'),
(2040, 193, 428, 'Account aan groep gekoppeld.', 0, '2017-05-17 21:59:43'),
(2041, 193, 429, 'Account aan groep gekoppeld.', 0, '2017-05-17 21:59:43'),
(2042, 193, 430, 'Account aan groep gekoppeld.', 0, '2017-05-17 21:59:43'),
(2043, 193, 431, 'Account aan groep gekoppeld.', 0, '2017-05-17 21:59:43'),
(2044, 193, 432, 'Account aan groep gekoppeld.', 0, '2017-05-17 21:59:43'),
(2045, 193, 433, 'Account aan groep gekoppeld.', 0, '2017-05-17 21:59:43'),
(2046, 193, 434, 'Account aan groep gekoppeld.', 0, '2017-05-17 21:59:43'),
(2047, 193, 435, 'Account aan groep gekoppeld.', 0, '2017-05-17 21:59:43'),
(2048, 193, 436, 'Account aan groep gekoppeld.', 0, '2017-05-17 21:59:43'),
(2049, 193, 437, 'Account aan groep gekoppeld.', 0, '2017-05-17 21:59:43'),
(2050, 193, 438, 'Account aan groep gekoppeld.', 0, '2017-05-17 21:59:43'),
(2051, 193, 439, 'Account aan groep gekoppeld.', 0, '2017-05-17 21:59:43'),
(2052, 193, 440, 'Account aan groep gekoppeld.', 0, '2017-05-17 21:59:43'),
(2053, 193, 441, 'Account aan groep gekoppeld.', 0, '2017-05-17 21:59:43'),
(2054, 193, 442, 'Account aan groep gekoppeld.', 0, '2017-05-17 21:59:43'),
(2055, 193, 443, 'Account aan groep gekoppeld.', 0, '2017-05-17 21:59:43'),
(2056, 193, 444, 'Account aan groep gekoppeld.', 0, '2017-05-17 21:59:43'),
(2057, 193, 445, 'Account aan groep gekoppeld.', 0, '2017-05-17 21:59:43'),
(2058, 193, 446, 'Account aan groep gekoppeld.', 0, '2017-05-17 21:59:43'),
(2059, 193, 447, 'Account aan groep gekoppeld.', 0, '2017-05-17 21:59:43'),
(2060, 193, 448, 'Account aan groep gekoppeld.', 0, '2017-05-17 21:59:43'),
(2061, 193, 449, 'Account aan groep gekoppeld.', 0, '2017-05-17 21:59:43'),
(2062, 193, 450, 'Account aan groep gekoppeld.', 0, '2017-05-17 21:59:43'),
(2063, 193, 451, 'Account aan groep gekoppeld.', 0, '2017-05-17 21:59:43'),
(2064, 193, 452, 'Account aan groep gekoppeld.', 0, '2017-05-17 21:59:43'),
(2065, 193, 453, 'Account aan groep gekoppeld.', 0, '2017-05-17 21:59:43'),
(2066, 193, 454, 'Account aan groep gekoppeld.', 0, '2017-05-17 21:59:43'),
(2067, 193, 455, 'Account aan groep gekoppeld.', 0, '2017-05-17 21:59:43'),
(2068, 193, 456, 'Account aan groep gekoppeld.', 0, '2017-05-17 21:59:43'),
(2069, 193, 457, 'Account aan groep gekoppeld.', 0, '2017-05-17 21:59:43'),
(2070, 193, 458, 'Account aan groep gekoppeld.', 0, '2017-05-17 21:59:43'),
(2071, 193, 459, 'Account aan groep gekoppeld.', 0, '2017-05-17 21:59:43'),
(2072, 193, 460, 'Account aan groep gekoppeld.', 0, '2017-05-17 21:59:43'),
(2073, 193, 461, 'Account aan groep gekoppeld.', 0, '2017-05-17 21:59:43'),
(2074, 193, 462, 'Account aan groep gekoppeld.', 0, '2017-05-17 21:59:43'),
(2075, 193, 463, 'Account aan groep gekoppeld.', 0, '2017-05-17 21:59:43'),
(2076, 193, 464, 'Account aan groep gekoppeld.', 0, '2017-05-17 21:59:43'),
(2077, 193, 465, 'Account aan groep gekoppeld.', 0, '2017-05-17 21:59:43'),
(2078, 193, 466, 'Account aan groep gekoppeld.', 0, '2017-05-17 21:59:43'),
(2079, 193, 467, 'Account aan groep gekoppeld.', 0, '2017-05-17 21:59:43'),
(2080, 193, 468, 'Account aan groep gekoppeld.', 0, '2017-05-17 21:59:43'),
(2081, 193, 378, 'Account aan groep gekoppeld.', 0, '2017-05-17 21:59:57'),
(2082, 193, 379, 'Account aan groep gekoppeld.', 0, '2017-05-17 21:59:57'),
(2083, 193, 380, 'Account aan groep gekoppeld.', 0, '2017-05-17 21:59:57'),
(2084, 193, 381, 'Account aan groep gekoppeld.', 0, '2017-05-17 21:59:57'),
(2085, 193, 382, 'Account aan groep gekoppeld.', 0, '2017-05-17 21:59:57'),
(2086, 193, 383, 'Account aan groep gekoppeld.', 0, '2017-05-17 21:59:57'),
(2087, 193, 384, 'Account aan groep gekoppeld.', 0, '2017-05-17 21:59:57'),
(2088, 193, 385, 'Account aan groep gekoppeld.', 0, '2017-05-17 21:59:57'),
(2089, 193, 386, 'Account aan groep gekoppeld.', 0, '2017-05-17 21:59:57'),
(2090, 193, 387, 'Account aan groep gekoppeld.', 0, '2017-05-17 21:59:57'),
(2091, 193, 388, 'Account aan groep gekoppeld.', 0, '2017-05-17 21:59:57'),
(2092, 193, 389, 'Account aan groep gekoppeld.', 0, '2017-05-17 21:59:57'),
(2093, 193, 390, 'Account aan groep gekoppeld.', 0, '2017-05-17 21:59:57'),
(2094, 193, 391, 'Account aan groep gekoppeld.', 0, '2017-05-17 21:59:57'),
(2095, 193, 392, 'Account aan groep gekoppeld.', 0, '2017-05-17 21:59:57'),
(2096, 193, 393, 'Account aan groep gekoppeld.', 0, '2017-05-17 21:59:57'),
(2097, 193, 394, 'Account aan groep gekoppeld.', 0, '2017-05-17 21:59:57'),
(2098, 193, 395, 'Account aan groep gekoppeld.', 0, '2017-05-17 21:59:57'),
(2099, 193, 396, 'Account aan groep gekoppeld.', 0, '2017-05-17 21:59:57'),
(2100, 193, 397, 'Account aan groep gekoppeld.', 0, '2017-05-17 21:59:57'),
(2101, 193, 398, 'Account aan groep gekoppeld.', 0, '2017-05-17 21:59:57'),
(2102, 193, 399, 'Account aan groep gekoppeld.', 0, '2017-05-17 21:59:57'),
(2103, 193, 400, 'Account aan groep gekoppeld.', 0, '2017-05-17 21:59:57'),
(2104, 193, 401, 'Account aan groep gekoppeld.', 0, '2017-05-17 21:59:57'),
(2105, 193, 402, 'Account aan groep gekoppeld.', 0, '2017-05-17 21:59:57'),
(2106, 193, 403, 'Account aan groep gekoppeld.', 0, '2017-05-17 21:59:57'),
(2107, 193, 404, 'Account aan groep gekoppeld.', 0, '2017-05-17 21:59:57'),
(2108, 193, 405, 'Account aan groep gekoppeld.', 0, '2017-05-17 21:59:57'),
(2109, 193, 406, 'Account aan groep gekoppeld.', 0, '2017-05-17 21:59:57'),
(2110, 193, 407, 'Account aan groep gekoppeld.', 0, '2017-05-17 21:59:57'),
(2111, 193, 408, 'Account aan groep gekoppeld.', 0, '2017-05-17 21:59:57'),
(2112, 193, 409, 'Account aan groep gekoppeld.', 0, '2017-05-17 21:59:57'),
(2113, 193, 410, 'Account aan groep gekoppeld.', 0, '2017-05-17 21:59:57'),
(2114, 193, 411, 'Account aan groep gekoppeld.', 0, '2017-05-17 21:59:57'),
(2115, 193, 412, 'Account aan groep gekoppeld.', 0, '2017-05-17 21:59:57'),
(2116, 193, 413, 'Account aan groep gekoppeld.', 0, '2017-05-17 21:59:57'),
(2117, 193, 414, 'Account aan groep gekoppeld.', 0, '2017-05-17 21:59:57'),
(2118, 193, 415, 'Account aan groep gekoppeld.', 0, '2017-05-17 21:59:57'),
(2119, 193, 416, 'Account aan groep gekoppeld.', 0, '2017-05-17 21:59:57'),
(2120, 193, 417, 'Account aan groep gekoppeld.', 0, '2017-05-17 21:59:57'),
(2121, 193, 418, 'Account aan groep gekoppeld.', 0, '2017-05-17 21:59:57'),
(2122, 193, 419, 'Account aan groep gekoppeld.', 0, '2017-05-17 21:59:57'),
(2123, 193, 420, 'Account aan groep gekoppeld.', 0, '2017-05-17 21:59:57'),
(2124, 193, 421, 'Account aan groep gekoppeld.', 0, '2017-05-17 21:59:57'),
(2125, 193, 422, 'Account aan groep gekoppeld.', 0, '2017-05-17 21:59:57'),
(2126, 193, 423, 'Account aan groep gekoppeld.', 0, '2017-05-17 21:59:57'),
(2127, 193, 424, 'Account aan groep gekoppeld.', 0, '2017-05-17 21:59:58'),
(2128, 193, 425, 'Account aan groep gekoppeld.', 0, '2017-05-17 21:59:58'),
(2129, 193, 426, 'Account aan groep gekoppeld.', 0, '2017-05-17 21:59:58'),
(2130, 193, 427, 'Account aan groep gekoppeld.', 0, '2017-05-17 21:59:58'),
(2131, 193, 428, 'Account aan groep gekoppeld.', 0, '2017-05-17 21:59:58'),
(2132, 193, 429, 'Account aan groep gekoppeld.', 0, '2017-05-17 21:59:58'),
(2133, 193, 430, 'Account aan groep gekoppeld.', 0, '2017-05-17 21:59:58'),
(2134, 193, 431, 'Account aan groep gekoppeld.', 0, '2017-05-17 21:59:58'),
(2135, 193, 432, 'Account aan groep gekoppeld.', 0, '2017-05-17 21:59:58'),
(2136, 193, 433, 'Account aan groep gekoppeld.', 0, '2017-05-17 21:59:58'),
(2137, 193, 434, 'Account aan groep gekoppeld.', 0, '2017-05-17 21:59:58'),
(2138, 193, 435, 'Account aan groep gekoppeld.', 0, '2017-05-17 21:59:58'),
(2139, 193, 436, 'Account aan groep gekoppeld.', 0, '2017-05-17 21:59:58'),
(2140, 193, 437, 'Account aan groep gekoppeld.', 0, '2017-05-17 21:59:58'),
(2141, 193, 438, 'Account aan groep gekoppeld.', 0, '2017-05-17 21:59:58'),
(2142, 193, 439, 'Account aan groep gekoppeld.', 0, '2017-05-17 21:59:58'),
(2143, 193, 440, 'Account aan groep gekoppeld.', 0, '2017-05-17 21:59:58'),
(2144, 193, 441, 'Account aan groep gekoppeld.', 0, '2017-05-17 21:59:58'),
(2145, 193, 442, 'Account aan groep gekoppeld.', 0, '2017-05-17 21:59:58'),
(2146, 193, 443, 'Account aan groep gekoppeld.', 0, '2017-05-17 21:59:58'),
(2147, 193, 444, 'Account aan groep gekoppeld.', 0, '2017-05-17 21:59:58'),
(2148, 193, 445, 'Account aan groep gekoppeld.', 0, '2017-05-17 21:59:58'),
(2149, 193, 446, 'Account aan groep gekoppeld.', 0, '2017-05-17 21:59:58'),
(2150, 193, 447, 'Account aan groep gekoppeld.', 0, '2017-05-17 21:59:58'),
(2151, 193, 448, 'Account aan groep gekoppeld.', 0, '2017-05-17 21:59:58'),
(2152, 193, 449, 'Account aan groep gekoppeld.', 0, '2017-05-17 21:59:58'),
(2153, 193, 450, 'Account aan groep gekoppeld.', 0, '2017-05-17 21:59:58'),
(2154, 193, 451, 'Account aan groep gekoppeld.', 0, '2017-05-17 21:59:58'),
(2155, 193, 452, 'Account aan groep gekoppeld.', 0, '2017-05-17 21:59:58'),
(2156, 193, 453, 'Account aan groep gekoppeld.', 0, '2017-05-17 21:59:58'),
(2157, 193, 454, 'Account aan groep gekoppeld.', 0, '2017-05-17 21:59:58'),
(2158, 193, 455, 'Account aan groep gekoppeld.', 0, '2017-05-17 21:59:58'),
(2159, 193, 456, 'Account aan groep gekoppeld.', 0, '2017-05-17 21:59:58'),
(2160, 193, 457, 'Account aan groep gekoppeld.', 0, '2017-05-17 21:59:58'),
(2161, 193, 458, 'Account aan groep gekoppeld.', 0, '2017-05-17 21:59:58'),
(2162, 193, 459, 'Account aan groep gekoppeld.', 0, '2017-05-17 21:59:58'),
(2163, 193, 460, 'Account aan groep gekoppeld.', 0, '2017-05-17 21:59:58'),
(2164, 193, 461, 'Account aan groep gekoppeld.', 0, '2017-05-17 21:59:58'),
(2165, 193, 462, 'Account aan groep gekoppeld.', 0, '2017-05-17 21:59:58'),
(2166, 193, 463, 'Account aan groep gekoppeld.', 0, '2017-05-17 21:59:58'),
(2167, 193, 464, 'Account aan groep gekoppeld.', 0, '2017-05-17 21:59:58'),
(2168, 193, 465, 'Account aan groep gekoppeld.', 0, '2017-05-17 21:59:58'),
(2169, 193, 466, 'Account aan groep gekoppeld.', 0, '2017-05-17 21:59:58'),
(2170, 193, 467, 'Account aan groep gekoppeld.', 0, '2017-05-17 21:59:58'),
(2171, 193, 468, 'Account aan groep gekoppeld.', 0, '2017-05-17 21:59:58'),
(2172, 193, 378, 'Account aan groep gekoppeld.', 0, '2017-05-19 12:16:07'),
(2173, 193, 379, 'Account aan groep gekoppeld.', 0, '2017-05-19 12:16:07'),
(2174, 193, 380, 'Account aan groep gekoppeld.', 0, '2017-05-19 12:16:07'),
(2175, 193, 381, 'Account aan groep gekoppeld.', 0, '2017-05-19 12:16:07'),
(2176, 193, 382, 'Account aan groep gekoppeld.', 0, '2017-05-19 12:16:07'),
(2177, 193, 383, 'Account aan groep gekoppeld.', 0, '2017-05-19 12:16:07'),
(2178, 193, 384, 'Account aan groep gekoppeld.', 0, '2017-05-19 12:16:07'),
(2179, 193, 385, 'Account aan groep gekoppeld.', 0, '2017-05-19 12:16:07'),
(2180, 193, 386, 'Account aan groep gekoppeld.', 0, '2017-05-19 12:16:07'),
(2181, 193, 387, 'Account aan groep gekoppeld.', 0, '2017-05-19 12:16:08'),
(2182, 193, 388, 'Account aan groep gekoppeld.', 0, '2017-05-19 12:16:08'),
(2183, 193, 389, 'Account aan groep gekoppeld.', 0, '2017-05-19 12:16:08'),
(2184, 193, 390, 'Account aan groep gekoppeld.', 0, '2017-05-19 12:16:08'),
(2185, 193, 391, 'Account aan groep gekoppeld.', 0, '2017-05-19 12:16:08'),
(2186, 193, 392, 'Account aan groep gekoppeld.', 0, '2017-05-19 12:16:08'),
(2187, 193, 393, 'Account aan groep gekoppeld.', 0, '2017-05-19 12:16:08'),
(2188, 193, 394, 'Account aan groep gekoppeld.', 0, '2017-05-19 12:16:08'),
(2189, 193, 395, 'Account aan groep gekoppeld.', 0, '2017-05-19 12:16:08'),
(2190, 193, 396, 'Account aan groep gekoppeld.', 0, '2017-05-19 12:16:08'),
(2191, 193, 397, 'Account aan groep gekoppeld.', 0, '2017-05-19 12:16:08'),
(2192, 193, 398, 'Account aan groep gekoppeld.', 0, '2017-05-19 12:16:08'),
(2193, 193, 399, 'Account aan groep gekoppeld.', 0, '2017-05-19 12:16:08'),
(2194, 193, 400, 'Account aan groep gekoppeld.', 0, '2017-05-19 12:16:08'),
(2195, 193, 401, 'Account aan groep gekoppeld.', 0, '2017-05-19 12:16:08'),
(2196, 193, 402, 'Account aan groep gekoppeld.', 0, '2017-05-19 12:16:08'),
(2197, 193, 403, 'Account aan groep gekoppeld.', 0, '2017-05-19 12:16:08'),
(2198, 193, 404, 'Account aan groep gekoppeld.', 0, '2017-05-19 12:16:08'),
(2199, 193, 405, 'Account aan groep gekoppeld.', 0, '2017-05-19 12:16:08'),
(2200, 193, 406, 'Account aan groep gekoppeld.', 0, '2017-05-19 12:16:08'),
(2201, 193, 407, 'Account aan groep gekoppeld.', 0, '2017-05-19 12:16:08'),
(2202, 193, 408, 'Account aan groep gekoppeld.', 0, '2017-05-19 12:16:08'),
(2203, 193, 409, 'Account aan groep gekoppeld.', 0, '2017-05-19 12:16:08'),
(2204, 193, 410, 'Account aan groep gekoppeld.', 0, '2017-05-19 12:16:08'),
(2205, 193, 411, 'Account aan groep gekoppeld.', 0, '2017-05-19 12:16:08'),
(2206, 193, 412, 'Account aan groep gekoppeld.', 0, '2017-05-19 12:16:08'),
(2207, 193, 413, 'Account aan groep gekoppeld.', 0, '2017-05-19 12:16:08'),
(2208, 193, 414, 'Account aan groep gekoppeld.', 0, '2017-05-19 12:16:08'),
(2209, 193, 415, 'Account aan groep gekoppeld.', 0, '2017-05-19 12:16:08'),
(2210, 193, 416, 'Account aan groep gekoppeld.', 0, '2017-05-19 12:16:08'),
(2211, 193, 417, 'Account aan groep gekoppeld.', 0, '2017-05-19 12:16:08'),
(2212, 193, 418, 'Account aan groep gekoppeld.', 0, '2017-05-19 12:16:08'),
(2213, 193, 419, 'Account aan groep gekoppeld.', 0, '2017-05-19 12:16:08'),
(2214, 193, 420, 'Account aan groep gekoppeld.', 0, '2017-05-19 12:16:08'),
(2215, 193, 421, 'Account aan groep gekoppeld.', 0, '2017-05-19 12:16:08'),
(2216, 193, 422, 'Account aan groep gekoppeld.', 0, '2017-05-19 12:16:08'),
(2217, 193, 423, 'Account aan groep gekoppeld.', 0, '2017-05-19 12:16:08'),
(2218, 193, 424, 'Account aan groep gekoppeld.', 0, '2017-05-19 12:16:08'),
(2219, 193, 425, 'Account aan groep gekoppeld.', 0, '2017-05-19 12:16:08'),
(2220, 193, 426, 'Account aan groep gekoppeld.', 0, '2017-05-19 12:16:08'),
(2221, 193, 427, 'Account aan groep gekoppeld.', 0, '2017-05-19 12:16:08'),
(2222, 193, 428, 'Account aan groep gekoppeld.', 0, '2017-05-19 12:16:08'),
(2223, 193, 429, 'Account aan groep gekoppeld.', 0, '2017-05-19 12:16:08'),
(2224, 193, 430, 'Account aan groep gekoppeld.', 0, '2017-05-19 12:16:08'),
(2225, 193, 431, 'Account aan groep gekoppeld.', 0, '2017-05-19 12:16:08'),
(2226, 193, 432, 'Account aan groep gekoppeld.', 0, '2017-05-19 12:16:08'),
(2227, 193, 433, 'Account aan groep gekoppeld.', 0, '2017-05-19 12:16:08'),
(2228, 193, 434, 'Account aan groep gekoppeld.', 0, '2017-05-19 12:16:08'),
(2229, 193, 435, 'Account aan groep gekoppeld.', 0, '2017-05-19 12:16:08'),
(2230, 193, 436, 'Account aan groep gekoppeld.', 0, '2017-05-19 12:16:08'),
(2231, 193, 437, 'Account aan groep gekoppeld.', 0, '2017-05-19 12:16:08'),
(2232, 193, 438, 'Account aan groep gekoppeld.', 0, '2017-05-19 12:16:08'),
(2233, 193, 439, 'Account aan groep gekoppeld.', 0, '2017-05-19 12:16:08'),
(2234, 193, 440, 'Account aan groep gekoppeld.', 0, '2017-05-19 12:16:08'),
(2235, 193, 441, 'Account aan groep gekoppeld.', 0, '2017-05-19 12:16:08'),
(2236, 193, 442, 'Account aan groep gekoppeld.', 0, '2017-05-19 12:16:08'),
(2237, 193, 443, 'Account aan groep gekoppeld.', 0, '2017-05-19 12:16:08'),
(2238, 193, 444, 'Account aan groep gekoppeld.', 0, '2017-05-19 12:16:08'),
(2239, 193, 445, 'Account aan groep gekoppeld.', 0, '2017-05-19 12:16:08'),
(2240, 193, 446, 'Account aan groep gekoppeld.', 0, '2017-05-19 12:16:08'),
(2241, 193, 447, 'Account aan groep gekoppeld.', 0, '2017-05-19 12:16:08'),
(2242, 193, 448, 'Account aan groep gekoppeld.', 0, '2017-05-19 12:16:08'),
(2243, 193, 449, 'Account aan groep gekoppeld.', 0, '2017-05-19 12:16:08'),
(2244, 193, 450, 'Account aan groep gekoppeld.', 0, '2017-05-19 12:16:08'),
(2245, 193, 451, 'Account aan groep gekoppeld.', 0, '2017-05-19 12:16:08'),
(2246, 193, 452, 'Account aan groep gekoppeld.', 0, '2017-05-19 12:16:08'),
(2247, 193, 453, 'Account aan groep gekoppeld.', 0, '2017-05-19 12:16:09'),
(2248, 193, 454, 'Account aan groep gekoppeld.', 0, '2017-05-19 12:16:09'),
(2249, 193, 455, 'Account aan groep gekoppeld.', 0, '2017-05-19 12:16:09'),
(2250, 193, 456, 'Account aan groep gekoppeld.', 0, '2017-05-19 12:16:09'),
(2251, 193, 457, 'Account aan groep gekoppeld.', 0, '2017-05-19 12:16:09'),
(2252, 193, 458, 'Account aan groep gekoppeld.', 0, '2017-05-19 12:16:09'),
(2253, 193, 459, 'Account aan groep gekoppeld.', 0, '2017-05-19 12:16:09'),
(2254, 193, 460, 'Account aan groep gekoppeld.', 0, '2017-05-19 12:16:09'),
(2255, 193, 461, 'Account aan groep gekoppeld.', 0, '2017-05-19 12:16:09'),
(2256, 193, 462, 'Account aan groep gekoppeld.', 0, '2017-05-19 12:16:09'),
(2257, 193, 463, 'Account aan groep gekoppeld.', 0, '2017-05-19 12:16:09'),
(2258, 193, 464, 'Account aan groep gekoppeld.', 0, '2017-05-19 12:16:09'),
(2259, 193, 465, 'Account aan groep gekoppeld.', 0, '2017-05-19 12:16:09'),
(2260, 193, 466, 'Account aan groep gekoppeld.', 0, '2017-05-19 12:16:09'),
(2261, 193, 467, 'Account aan groep gekoppeld.', 0, '2017-05-19 12:16:09'),
(2262, 193, 468, 'Account aan groep gekoppeld.', 0, '2017-05-19 12:16:09'),
(2263, 193, 470, 'Account aan groep gekoppeld.', 0, '2017-05-19 12:16:48'),
(2264, 193, 471, 'Account aan groep gekoppeld.', 0, '2017-05-19 12:16:48'),
(2265, 193, 472, 'Account aan groep gekoppeld.', 0, '2017-05-19 12:16:48'),
(2266, 193, 473, 'Account aan groep gekoppeld.', 0, '2017-05-19 12:16:48'),
(2267, 193, 474, 'Account aan groep gekoppeld.', 0, '2017-05-19 12:16:48'),
(2268, 193, 475, 'Account aan groep gekoppeld.', 0, '2017-05-19 12:16:48'),
(2269, 193, 476, 'Account aan groep gekoppeld.', 0, '2017-05-19 12:16:48'),
(2270, 193, 477, 'Account aan groep gekoppeld.', 0, '2017-05-19 12:16:48'),
(2271, 193, 478, 'Account aan groep gekoppeld.', 0, '2017-05-19 12:16:48'),
(2272, 193, 479, 'Account aan groep gekoppeld.', 0, '2017-05-19 12:16:49'),
(2273, 193, 480, 'Account aan groep gekoppeld.', 0, '2017-05-19 12:16:49'),
(2274, 193, 481, 'Account aan groep gekoppeld.', 0, '2017-05-19 12:16:49'),
(2275, 193, 482, 'Account aan groep gekoppeld.', 0, '2017-05-19 12:16:49'),
(2276, 193, 483, 'Account aan groep gekoppeld.', 0, '2017-05-19 12:16:49'),
(2277, 193, 484, 'Account aan groep gekoppeld.', 0, '2017-05-19 12:16:49'),
(2278, 193, 485, 'Account aan groep gekoppeld.', 0, '2017-05-19 12:16:49'),
(2279, 193, 486, 'Account aan groep gekoppeld.', 0, '2017-05-19 12:16:49'),
(2280, 193, 487, 'Account aan groep gekoppeld.', 0, '2017-05-19 12:16:49'),
(2281, 193, 488, 'Account aan groep gekoppeld.', 0, '2017-05-19 12:16:49'),
(2282, 193, 489, 'Account aan groep gekoppeld.', 0, '2017-05-19 12:16:49'),
(2283, 193, 490, 'Account aan groep gekoppeld.', 0, '2017-05-19 12:16:50'),
(2284, 193, 491, 'Account aan groep gekoppeld.', 0, '2017-05-19 12:16:50'),
(2285, 193, 492, 'Account aan groep gekoppeld.', 0, '2017-05-19 12:16:50'),
(2286, 193, 493, 'Account aan groep gekoppeld.', 0, '2017-05-19 12:16:50'),
(2287, 193, 494, 'Account aan groep gekoppeld.', 0, '2017-05-19 12:16:50'),
(2288, 193, 495, 'Account aan groep gekoppeld.', 0, '2017-05-19 12:16:50'),
(2289, 193, 496, 'Account aan groep gekoppeld.', 0, '2017-05-19 12:16:50'),
(2290, 193, 497, 'Account aan groep gekoppeld.', 0, '2017-05-19 12:16:50'),
(2291, 193, 498, 'Account aan groep gekoppeld.', 0, '2017-05-19 12:16:50'),
(2292, 193, 499, 'Account aan groep gekoppeld.', 0, '2017-05-19 12:16:50'),
(2293, 193, 500, 'Account aan groep gekoppeld.', 0, '2017-05-19 12:16:50'),
(2294, 193, 501, 'Account aan groep gekoppeld.', 0, '2017-05-19 12:16:50'),
(2295, 193, 502, 'Account aan groep gekoppeld.', 0, '2017-05-19 12:16:51'),
(2296, 193, 503, 'Account aan groep gekoppeld.', 0, '2017-05-19 12:16:51'),
(2297, 193, 504, 'Account aan groep gekoppeld.', 0, '2017-05-19 12:16:51'),
(2298, 193, 505, 'Account aan groep gekoppeld.', 0, '2017-05-19 12:16:51'),
(2299, 193, 506, 'Account aan groep gekoppeld.', 0, '2017-05-19 12:16:51'),
(2300, 193, 507, 'Account aan groep gekoppeld.', 0, '2017-05-19 12:16:51'),
(2301, 193, 508, 'Account aan groep gekoppeld.', 0, '2017-05-19 12:16:51'),
(2302, 193, 509, 'Account aan groep gekoppeld.', 0, '2017-05-19 12:16:51'),
(2303, 193, 510, 'Account aan groep gekoppeld.', 0, '2017-05-19 12:16:51'),
(2304, 193, 511, 'Account aan groep gekoppeld.', 0, '2017-05-19 12:16:51'),
(2305, 193, 512, 'Account aan groep gekoppeld.', 0, '2017-05-19 12:16:51'),
(2306, 193, 513, 'Account aan groep gekoppeld.', 0, '2017-05-19 12:16:51'),
(2307, 193, 514, 'Account aan groep gekoppeld.', 0, '2017-05-19 12:16:52'),
(2308, 193, 515, 'Account aan groep gekoppeld.', 0, '2017-05-19 12:16:52'),
(2309, 193, 516, 'Account aan groep gekoppeld.', 0, '2017-05-19 12:16:52'),
(2310, 193, 517, 'Account aan groep gekoppeld.', 0, '2017-05-19 12:16:52'),
(2311, 193, 518, 'Account aan groep gekoppeld.', 0, '2017-05-19 12:16:52'),
(2312, 193, 519, 'Account aan groep gekoppeld.', 0, '2017-05-19 12:16:52'),
(2313, 193, 520, 'Account aan groep gekoppeld.', 0, '2017-05-19 12:16:52'),
(2314, 193, 521, 'Account aan groep gekoppeld.', 0, '2017-05-19 12:16:52'),
(2315, 193, 522, 'Account aan groep gekoppeld.', 0, '2017-05-19 12:16:52'),
(2316, 193, 523, 'Account aan groep gekoppeld.', 0, '2017-05-19 12:16:52'),
(2317, 193, 524, 'Account aan groep gekoppeld.', 0, '2017-05-19 12:16:52'),
(2318, 193, 525, 'Account aan groep gekoppeld.', 0, '2017-05-19 12:16:52'),
(2319, 193, 526, 'Account aan groep gekoppeld.', 0, '2017-05-19 12:16:52'),
(2320, 193, 527, 'Account aan groep gekoppeld.', 0, '2017-05-19 12:16:53'),
(2321, 193, 528, 'Account aan groep gekoppeld.', 0, '2017-05-19 12:16:53'),
(2322, 193, 529, 'Account aan groep gekoppeld.', 0, '2017-05-19 12:16:53'),
(2323, 193, 530, 'Account aan groep gekoppeld.', 0, '2017-05-19 12:16:53'),
(2324, 193, 531, 'Account aan groep gekoppeld.', 0, '2017-05-19 12:16:53'),
(2325, 193, 532, 'Account aan groep gekoppeld.', 0, '2017-05-19 12:16:53'),
(2326, 193, 533, 'Account aan groep gekoppeld.', 0, '2017-05-19 12:16:53'),
(2327, 193, 534, 'Account aan groep gekoppeld.', 0, '2017-05-19 12:16:53'),
(2328, 193, 535, 'Account aan groep gekoppeld.', 0, '2017-05-19 12:16:53'),
(2329, 193, 536, 'Account aan groep gekoppeld.', 0, '2017-05-19 12:16:53'),
(2330, 193, 537, 'Account aan groep gekoppeld.', 0, '2017-05-19 12:16:53'),
(2331, 193, 538, 'Account aan groep gekoppeld.', 0, '2017-05-19 12:16:53'),
(2332, 193, 539, 'Account aan groep gekoppeld.', 0, '2017-05-19 12:16:54'),
(2333, 193, 540, 'Account aan groep gekoppeld.', 0, '2017-05-19 12:16:54'),
(2334, 193, 541, 'Account aan groep gekoppeld.', 0, '2017-05-19 12:16:54'),
(2335, 193, 542, 'Account aan groep gekoppeld.', 0, '2017-05-19 12:16:54'),
(2336, 193, 543, 'Account aan groep gekoppeld.', 0, '2017-05-19 12:16:54'),
(2337, 193, 544, 'Account aan groep gekoppeld.', 0, '2017-05-19 12:16:54'),
(2338, 193, 545, 'Account aan groep gekoppeld.', 0, '2017-05-19 12:16:54'),
(2339, 193, 546, 'Account aan groep gekoppeld.', 0, '2017-05-19 12:16:54'),
(2340, 193, 547, 'Account aan groep gekoppeld.', 0, '2017-05-19 12:16:54'),
(2341, 193, 548, 'Account aan groep gekoppeld.', 0, '2017-05-19 12:16:54'),
(2342, 193, 549, 'Account aan groep gekoppeld.', 0, '2017-05-19 12:16:54'),
(2343, 193, 550, 'Account aan groep gekoppeld.', 0, '2017-05-19 12:16:54'),
(2344, 193, 551, 'Account aan groep gekoppeld.', 0, '2017-05-19 12:16:55'),
(2345, 193, 552, 'Account aan groep gekoppeld.', 0, '2017-05-19 12:16:55'),
(2346, 193, 553, 'Account aan groep gekoppeld.', 0, '2017-05-19 12:16:55'),
(2347, 193, 554, 'Account aan groep gekoppeld.', 0, '2017-05-19 12:16:55'),
(2348, 193, 555, 'Account aan groep gekoppeld.', 0, '2017-05-19 12:16:55'),
(2349, 193, 556, 'Account aan groep gekoppeld.', 0, '2017-05-19 12:16:55'),
(2350, 193, 557, 'Account aan groep gekoppeld.', 0, '2017-05-19 12:16:55'),
(2351, 193, 558, 'Account aan groep gekoppeld.', 0, '2017-05-19 12:16:55'),
(2352, 193, 559, 'Account aan groep gekoppeld.', 0, '2017-05-19 12:16:55'),
(2353, 193, 560, 'Account aan groep gekoppeld.', 0, '2017-05-19 12:16:55'),
(2354, 193, 561, 'Account aan groep gekoppeld.', 0, '2017-05-19 12:47:07'),
(2355, 193, 562, 'Account aan groep gekoppeld.', 0, '2017-05-19 12:47:07'),
(2356, 193, 563, 'Account aan groep gekoppeld.', 0, '2017-05-19 12:47:07'),
(2357, 193, 564, 'Account aan groep gekoppeld.', 0, '2017-05-19 12:47:08'),
(2358, 193, 565, 'Account aan groep gekoppeld.', 0, '2017-05-19 12:47:08'),
(2359, 193, 566, 'Account aan groep gekoppeld.', 0, '2017-05-19 12:47:08'),
(2360, 193, 567, 'Account aan groep gekoppeld.', 0, '2017-05-19 12:47:08'),
(2361, 193, 568, 'Account aan groep gekoppeld.', 0, '2017-05-19 12:47:08');
INSERT INTO `notifications` (`id`, `from_user`, `to_user`, `message`, `seen`, `created_at`) VALUES
(2362, 193, 569, 'Account aan groep gekoppeld.', 0, '2017-05-19 12:47:08'),
(2363, 193, 570, 'Account aan groep gekoppeld.', 0, '2017-05-19 12:47:08'),
(2364, 193, 571, 'Account aan groep gekoppeld.', 0, '2017-05-19 12:47:08'),
(2365, 193, 572, 'Account aan groep gekoppeld.', 0, '2017-05-19 12:47:08'),
(2366, 193, 573, 'Account aan groep gekoppeld.', 0, '2017-05-19 12:47:08'),
(2367, 193, 574, 'Account aan groep gekoppeld.', 0, '2017-05-19 12:47:08'),
(2368, 193, 575, 'Account aan groep gekoppeld.', 0, '2017-05-19 12:47:08'),
(2369, 193, 576, 'Account aan groep gekoppeld.', 0, '2017-05-19 12:47:09'),
(2370, 193, 577, 'Account aan groep gekoppeld.', 0, '2017-05-19 12:47:09'),
(2371, 193, 578, 'Account aan groep gekoppeld.', 0, '2017-05-19 12:47:09'),
(2372, 193, 579, 'Account aan groep gekoppeld.', 0, '2017-05-19 12:47:09'),
(2373, 193, 580, 'Account aan groep gekoppeld.', 0, '2017-05-19 12:47:09'),
(2374, 193, 581, 'Account aan groep gekoppeld.', 0, '2017-05-19 12:47:09'),
(2375, 193, 582, 'Account aan groep gekoppeld.', 0, '2017-05-19 12:47:09'),
(2376, 193, 583, 'Account aan groep gekoppeld.', 0, '2017-05-19 12:47:09'),
(2377, 193, 584, 'Account aan groep gekoppeld.', 0, '2017-05-19 12:47:09'),
(2378, 193, 585, 'Account aan groep gekoppeld.', 0, '2017-05-19 12:47:09'),
(2379, 193, 586, 'Account aan groep gekoppeld.', 0, '2017-05-19 12:47:09'),
(2380, 193, 587, 'Account aan groep gekoppeld.', 0, '2017-05-19 12:47:09'),
(2381, 193, 588, 'Account aan groep gekoppeld.', 0, '2017-05-19 12:47:10'),
(2382, 193, 589, 'Account aan groep gekoppeld.', 0, '2017-05-19 12:47:10'),
(2383, 193, 590, 'Account aan groep gekoppeld.', 0, '2017-05-19 12:47:10'),
(2384, 193, 591, 'Account aan groep gekoppeld.', 0, '2017-05-19 12:47:10'),
(2385, 193, 592, 'Account aan groep gekoppeld.', 0, '2017-05-19 12:47:10'),
(2386, 193, 593, 'Account aan groep gekoppeld.', 0, '2017-05-19 12:47:10'),
(2387, 193, 594, 'Account aan groep gekoppeld.', 0, '2017-05-19 12:47:10'),
(2388, 193, 595, 'Account aan groep gekoppeld.', 0, '2017-05-19 12:47:10'),
(2389, 193, 596, 'Account aan groep gekoppeld.', 0, '2017-05-19 12:47:10'),
(2390, 193, 597, 'Account aan groep gekoppeld.', 0, '2017-05-19 12:47:10'),
(2391, 193, 598, 'Account aan groep gekoppeld.', 0, '2017-05-19 12:47:10'),
(2392, 193, 599, 'Account aan groep gekoppeld.', 0, '2017-05-19 12:47:10'),
(2393, 193, 600, 'Account aan groep gekoppeld.', 0, '2017-05-19 12:47:11'),
(2394, 193, 601, 'Account aan groep gekoppeld.', 0, '2017-05-19 12:47:11'),
(2395, 193, 602, 'Account aan groep gekoppeld.', 0, '2017-05-19 12:47:11'),
(2396, 193, 603, 'Account aan groep gekoppeld.', 0, '2017-05-19 12:47:11'),
(2397, 193, 604, 'Account aan groep gekoppeld.', 0, '2017-05-19 12:47:11'),
(2398, 193, 605, 'Account aan groep gekoppeld.', 0, '2017-05-19 12:47:11'),
(2399, 193, 606, 'Account aan groep gekoppeld.', 0, '2017-05-19 12:47:11'),
(2400, 193, 607, 'Account aan groep gekoppeld.', 0, '2017-05-19 12:47:11'),
(2401, 193, 608, 'Account aan groep gekoppeld.', 0, '2017-05-19 12:47:11'),
(2402, 193, 609, 'Account aan groep gekoppeld.', 0, '2017-05-19 12:47:11'),
(2403, 193, 610, 'Account aan groep gekoppeld.', 0, '2017-05-19 12:47:11'),
(2404, 193, 611, 'Account aan groep gekoppeld.', 0, '2017-05-19 12:47:11'),
(2405, 193, 612, 'Account aan groep gekoppeld.', 0, '2017-05-19 12:47:12'),
(2406, 193, 613, 'Account aan groep gekoppeld.', 0, '2017-05-19 12:47:12'),
(2407, 193, 614, 'Account aan groep gekoppeld.', 0, '2017-05-19 12:47:12'),
(2408, 193, 615, 'Account aan groep gekoppeld.', 0, '2017-05-19 12:47:12'),
(2409, 193, 616, 'Account aan groep gekoppeld.', 0, '2017-05-19 12:47:12'),
(2410, 193, 617, 'Account aan groep gekoppeld.', 0, '2017-05-19 12:47:12'),
(2411, 193, 618, 'Account aan groep gekoppeld.', 0, '2017-05-19 12:47:12'),
(2412, 193, 619, 'Account aan groep gekoppeld.', 0, '2017-05-19 12:47:12'),
(2413, 193, 620, 'Account aan groep gekoppeld.', 0, '2017-05-19 12:47:12'),
(2414, 193, 621, 'Account aan groep gekoppeld.', 0, '2017-05-19 12:47:12'),
(2415, 193, 622, 'Account aan groep gekoppeld.', 0, '2017-05-19 12:47:12'),
(2416, 193, 623, 'Account aan groep gekoppeld.', 0, '2017-05-19 12:47:12'),
(2417, 193, 624, 'Account aan groep gekoppeld.', 0, '2017-05-19 12:47:13'),
(2418, 193, 625, 'Account aan groep gekoppeld.', 0, '2017-05-19 12:47:13'),
(2419, 193, 626, 'Account aan groep gekoppeld.', 0, '2017-05-19 12:47:13'),
(2420, 193, 627, 'Account aan groep gekoppeld.', 0, '2017-05-19 12:47:13'),
(2421, 193, 628, 'Account aan groep gekoppeld.', 0, '2017-05-19 12:47:13'),
(2422, 193, 629, 'Account aan groep gekoppeld.', 0, '2017-05-19 12:47:13'),
(2423, 193, 630, 'Account aan groep gekoppeld.', 0, '2017-05-19 12:47:13'),
(2424, 193, 631, 'Account aan groep gekoppeld.', 0, '2017-05-19 12:47:13'),
(2425, 193, 632, 'Account aan groep gekoppeld.', 0, '2017-05-19 12:47:13'),
(2426, 193, 633, 'Account aan groep gekoppeld.', 0, '2017-05-19 12:47:13'),
(2427, 193, 634, 'Account aan groep gekoppeld.', 0, '2017-05-19 12:47:13'),
(2428, 193, 635, 'Account aan groep gekoppeld.', 0, '2017-05-19 12:47:13'),
(2429, 193, 636, 'Account aan groep gekoppeld.', 0, '2017-05-19 12:47:14'),
(2430, 193, 637, 'Account aan groep gekoppeld.', 0, '2017-05-19 12:47:14'),
(2431, 193, 638, 'Account aan groep gekoppeld.', 0, '2017-05-19 12:47:14'),
(2432, 193, 639, 'Account aan groep gekoppeld.', 0, '2017-05-19 12:47:14'),
(2433, 193, 640, 'Account aan groep gekoppeld.', 0, '2017-05-19 12:47:14'),
(2434, 193, 641, 'Account aan groep gekoppeld.', 0, '2017-05-19 12:47:14'),
(2435, 193, 642, 'Account aan groep gekoppeld.', 0, '2017-05-19 12:47:14'),
(2436, 193, 643, 'Account aan groep gekoppeld.', 0, '2017-05-19 12:47:14'),
(2437, 193, 644, 'Account aan groep gekoppeld.', 0, '2017-05-19 12:47:14'),
(2438, 193, 645, 'Account aan groep gekoppeld.', 0, '2017-05-19 12:47:14'),
(2439, 193, 646, 'Account aan groep gekoppeld.', 0, '2017-05-19 12:47:15'),
(2440, 193, 647, 'Account aan groep gekoppeld.', 0, '2017-05-19 12:47:15'),
(2441, 193, 648, 'Account aan groep gekoppeld.', 0, '2017-05-19 12:47:15'),
(2442, 193, 649, 'Account aan groep gekoppeld.', 0, '2017-05-19 12:47:15'),
(2443, 193, 650, 'Account aan groep gekoppeld.', 0, '2017-05-19 12:47:15'),
(2444, 193, 651, 'Account aan groep gekoppeld.', 0, '2017-05-19 12:47:15'),
(2445, 193, 561, 'Account aan groep gekoppeld.', 0, '2017-05-19 12:47:28'),
(2446, 193, 562, 'Account aan groep gekoppeld.', 0, '2017-05-19 12:47:28'),
(2447, 193, 563, 'Account aan groep gekoppeld.', 0, '2017-05-19 12:47:28'),
(2448, 193, 564, 'Account aan groep gekoppeld.', 0, '2017-05-19 12:47:28'),
(2449, 193, 565, 'Account aan groep gekoppeld.', 0, '2017-05-19 12:47:28'),
(2450, 193, 566, 'Account aan groep gekoppeld.', 0, '2017-05-19 12:47:28'),
(2451, 193, 567, 'Account aan groep gekoppeld.', 0, '2017-05-19 12:47:28'),
(2452, 193, 568, 'Account aan groep gekoppeld.', 0, '2017-05-19 12:47:28'),
(2453, 193, 569, 'Account aan groep gekoppeld.', 0, '2017-05-19 12:47:28'),
(2454, 193, 570, 'Account aan groep gekoppeld.', 0, '2017-05-19 12:47:28'),
(2455, 193, 571, 'Account aan groep gekoppeld.', 0, '2017-05-19 12:47:28'),
(2456, 193, 572, 'Account aan groep gekoppeld.', 0, '2017-05-19 12:47:28'),
(2457, 193, 573, 'Account aan groep gekoppeld.', 0, '2017-05-19 12:47:28'),
(2458, 193, 574, 'Account aan groep gekoppeld.', 0, '2017-05-19 12:47:28'),
(2459, 193, 575, 'Account aan groep gekoppeld.', 0, '2017-05-19 12:47:28'),
(2460, 193, 576, 'Account aan groep gekoppeld.', 0, '2017-05-19 12:47:28'),
(2461, 193, 577, 'Account aan groep gekoppeld.', 0, '2017-05-19 12:47:28'),
(2462, 193, 578, 'Account aan groep gekoppeld.', 0, '2017-05-19 12:47:28'),
(2463, 193, 579, 'Account aan groep gekoppeld.', 0, '2017-05-19 12:47:28'),
(2464, 193, 580, 'Account aan groep gekoppeld.', 0, '2017-05-19 12:47:28'),
(2465, 193, 581, 'Account aan groep gekoppeld.', 0, '2017-05-19 12:47:28'),
(2466, 193, 582, 'Account aan groep gekoppeld.', 0, '2017-05-19 12:47:28'),
(2467, 193, 583, 'Account aan groep gekoppeld.', 0, '2017-05-19 12:47:28'),
(2468, 193, 584, 'Account aan groep gekoppeld.', 0, '2017-05-19 12:47:28'),
(2469, 193, 585, 'Account aan groep gekoppeld.', 0, '2017-05-19 12:47:28'),
(2470, 193, 586, 'Account aan groep gekoppeld.', 0, '2017-05-19 12:47:28'),
(2471, 193, 587, 'Account aan groep gekoppeld.', 0, '2017-05-19 12:47:28'),
(2472, 193, 588, 'Account aan groep gekoppeld.', 0, '2017-05-19 12:47:28'),
(2473, 193, 589, 'Account aan groep gekoppeld.', 0, '2017-05-19 12:47:28'),
(2474, 193, 590, 'Account aan groep gekoppeld.', 0, '2017-05-19 12:47:28'),
(2475, 193, 591, 'Account aan groep gekoppeld.', 0, '2017-05-19 12:47:28'),
(2476, 193, 592, 'Account aan groep gekoppeld.', 0, '2017-05-19 12:47:28'),
(2477, 193, 593, 'Account aan groep gekoppeld.', 0, '2017-05-19 12:47:28'),
(2478, 193, 594, 'Account aan groep gekoppeld.', 0, '2017-05-19 12:47:28'),
(2479, 193, 595, 'Account aan groep gekoppeld.', 0, '2017-05-19 12:47:28'),
(2480, 193, 596, 'Account aan groep gekoppeld.', 0, '2017-05-19 12:47:28'),
(2481, 193, 597, 'Account aan groep gekoppeld.', 0, '2017-05-19 12:47:28'),
(2482, 193, 598, 'Account aan groep gekoppeld.', 0, '2017-05-19 12:47:28'),
(2483, 193, 599, 'Account aan groep gekoppeld.', 0, '2017-05-19 12:47:28'),
(2484, 193, 600, 'Account aan groep gekoppeld.', 0, '2017-05-19 12:47:29'),
(2485, 193, 601, 'Account aan groep gekoppeld.', 0, '2017-05-19 12:47:29'),
(2486, 193, 602, 'Account aan groep gekoppeld.', 0, '2017-05-19 12:47:29'),
(2487, 193, 603, 'Account aan groep gekoppeld.', 0, '2017-05-19 12:47:29'),
(2488, 193, 604, 'Account aan groep gekoppeld.', 0, '2017-05-19 12:47:29'),
(2489, 193, 605, 'Account aan groep gekoppeld.', 0, '2017-05-19 12:47:29'),
(2490, 193, 606, 'Account aan groep gekoppeld.', 0, '2017-05-19 12:47:29'),
(2491, 193, 607, 'Account aan groep gekoppeld.', 0, '2017-05-19 12:47:29'),
(2492, 193, 608, 'Account aan groep gekoppeld.', 0, '2017-05-19 12:47:29'),
(2493, 193, 609, 'Account aan groep gekoppeld.', 0, '2017-05-19 12:47:29'),
(2494, 193, 610, 'Account aan groep gekoppeld.', 0, '2017-05-19 12:47:29'),
(2495, 193, 611, 'Account aan groep gekoppeld.', 0, '2017-05-19 12:47:29'),
(2496, 193, 612, 'Account aan groep gekoppeld.', 0, '2017-05-19 12:47:29'),
(2497, 193, 613, 'Account aan groep gekoppeld.', 0, '2017-05-19 12:47:29'),
(2498, 193, 614, 'Account aan groep gekoppeld.', 0, '2017-05-19 12:47:29'),
(2499, 193, 615, 'Account aan groep gekoppeld.', 0, '2017-05-19 12:47:29'),
(2500, 193, 616, 'Account aan groep gekoppeld.', 0, '2017-05-19 12:47:29'),
(2501, 193, 617, 'Account aan groep gekoppeld.', 0, '2017-05-19 12:47:29'),
(2502, 193, 618, 'Account aan groep gekoppeld.', 0, '2017-05-19 12:47:29'),
(2503, 193, 619, 'Account aan groep gekoppeld.', 0, '2017-05-19 12:47:29'),
(2504, 193, 620, 'Account aan groep gekoppeld.', 0, '2017-05-19 12:47:29'),
(2505, 193, 621, 'Account aan groep gekoppeld.', 0, '2017-05-19 12:47:29'),
(2506, 193, 622, 'Account aan groep gekoppeld.', 0, '2017-05-19 12:47:29'),
(2507, 193, 623, 'Account aan groep gekoppeld.', 0, '2017-05-19 12:47:29'),
(2508, 193, 624, 'Account aan groep gekoppeld.', 0, '2017-05-19 12:47:29'),
(2509, 193, 625, 'Account aan groep gekoppeld.', 0, '2017-05-19 12:47:29'),
(2510, 193, 626, 'Account aan groep gekoppeld.', 0, '2017-05-19 12:47:29'),
(2511, 193, 627, 'Account aan groep gekoppeld.', 0, '2017-05-19 12:47:29'),
(2512, 193, 628, 'Account aan groep gekoppeld.', 0, '2017-05-19 12:47:29'),
(2513, 193, 629, 'Account aan groep gekoppeld.', 0, '2017-05-19 12:47:29'),
(2514, 193, 630, 'Account aan groep gekoppeld.', 0, '2017-05-19 12:47:29'),
(2515, 193, 631, 'Account aan groep gekoppeld.', 0, '2017-05-19 12:47:29'),
(2516, 193, 632, 'Account aan groep gekoppeld.', 0, '2017-05-19 12:47:29'),
(2517, 193, 633, 'Account aan groep gekoppeld.', 0, '2017-05-19 12:47:29'),
(2518, 193, 634, 'Account aan groep gekoppeld.', 0, '2017-05-19 12:47:29'),
(2519, 193, 635, 'Account aan groep gekoppeld.', 0, '2017-05-19 12:47:29'),
(2520, 193, 636, 'Account aan groep gekoppeld.', 0, '2017-05-19 12:47:29'),
(2521, 193, 637, 'Account aan groep gekoppeld.', 0, '2017-05-19 12:47:29'),
(2522, 193, 638, 'Account aan groep gekoppeld.', 0, '2017-05-19 12:47:29'),
(2523, 193, 639, 'Account aan groep gekoppeld.', 0, '2017-05-19 12:47:29'),
(2524, 193, 640, 'Account aan groep gekoppeld.', 0, '2017-05-19 12:47:29'),
(2525, 193, 641, 'Account aan groep gekoppeld.', 0, '2017-05-19 12:47:29'),
(2526, 193, 642, 'Account aan groep gekoppeld.', 0, '2017-05-19 12:47:29'),
(2527, 193, 643, 'Account aan groep gekoppeld.', 0, '2017-05-19 12:47:29'),
(2528, 193, 644, 'Account aan groep gekoppeld.', 0, '2017-05-19 12:47:29'),
(2529, 193, 645, 'Account aan groep gekoppeld.', 0, '2017-05-19 12:47:30'),
(2530, 193, 646, 'Account aan groep gekoppeld.', 0, '2017-05-19 12:47:30'),
(2531, 193, 647, 'Account aan groep gekoppeld.', 0, '2017-05-19 12:47:30'),
(2532, 193, 648, 'Account aan groep gekoppeld.', 0, '2017-05-19 12:47:30'),
(2533, 193, 649, 'Account aan groep gekoppeld.', 0, '2017-05-19 12:47:30'),
(2534, 193, 650, 'Account aan groep gekoppeld.', 0, '2017-05-19 12:47:30'),
(2535, 193, 651, 'Account aan groep gekoppeld.', 0, '2017-05-19 12:47:30'),
(2536, 193, 561, 'Aanwezigheid voor Wiskunde op 17-05-19 is op afwezig gezet.', 0, '2017-05-20 13:29:31'),
(2537, 193, 562, 'Aanwezigheid voor Wiskunde op 17-05-19 is op aanwezig gezet.', 0, '2017-05-20 13:29:31'),
(2538, 193, 563, 'Aanwezigheid voor Wiskunde op 17-05-19 is op aanwezig gezet.', 0, '2017-05-20 13:29:31'),
(2539, 193, 564, 'Aanwezigheid voor Wiskunde op 17-05-19 is op aanwezig gezet.', 0, '2017-05-20 13:29:31'),
(2540, 193, 565, 'Aanwezigheid voor Wiskunde op 17-05-19 is op aanwezig gezet.', 0, '2017-05-20 13:29:31'),
(2541, 193, 566, 'Aanwezigheid voor Wiskunde op 17-05-19 is op aanwezig gezet.', 0, '2017-05-20 13:29:31'),
(2542, 193, 567, 'Aanwezigheid voor Wiskunde op 17-05-19 is op aanwezig gezet.', 0, '2017-05-20 13:29:31'),
(2543, 193, 568, 'Aanwezigheid voor Wiskunde op 17-05-19 is op aanwezig gezet.', 0, '2017-05-20 13:29:31'),
(2544, 193, 569, 'Aanwezigheid voor Wiskunde op 17-05-19 is op aanwezig gezet.', 0, '2017-05-20 13:29:31'),
(2545, 193, 570, 'Aanwezigheid voor Wiskunde op 17-05-19 is op aanwezig gezet.', 0, '2017-05-20 13:29:31'),
(2546, 193, 571, 'Aanwezigheid voor Wiskunde op 17-05-19 is op aanwezig gezet.', 0, '2017-05-20 13:29:31'),
(2547, 193, 561, 'Aanwezigheid voor Wiskunde op 17-05-19 is op aanwezig gezet.', 0, '2017-05-20 13:29:36'),
(2548, 193, 562, 'Aanwezigheid voor Wiskunde op 17-05-19 is op aanwezig gezet.', 0, '2017-05-20 13:29:36'),
(2549, 193, 563, 'Aanwezigheid voor Wiskunde op 17-05-19 is op aanwezig gezet.', 0, '2017-05-20 13:29:36'),
(2550, 193, 564, 'Aanwezigheid voor Wiskunde op 17-05-19 is op aanwezig gezet.', 0, '2017-05-20 13:29:36'),
(2551, 193, 565, 'Aanwezigheid voor Wiskunde op 17-05-19 is op aanwezig gezet.', 0, '2017-05-20 13:29:36'),
(2552, 193, 566, 'Aanwezigheid voor Wiskunde op 17-05-19 is op aanwezig gezet.', 0, '2017-05-20 13:29:36'),
(2553, 193, 567, 'Aanwezigheid voor Wiskunde op 17-05-19 is op aanwezig gezet.', 0, '2017-05-20 13:29:36'),
(2554, 193, 568, 'Aanwezigheid voor Wiskunde op 17-05-19 is op aanwezig gezet.', 0, '2017-05-20 13:29:36'),
(2555, 193, 569, 'Aanwezigheid voor Wiskunde op 17-05-19 is op aanwezig gezet.', 0, '2017-05-20 13:29:36'),
(2556, 193, 570, 'Aanwezigheid voor Wiskunde op 17-05-19 is op aanwezig gezet.', 0, '2017-05-20 13:29:36'),
(2557, 193, 571, 'Aanwezigheid voor Wiskunde op 17-05-19 is op aanwezig gezet.', 0, '2017-05-20 13:29:36'),
(2558, 193, 561, 'Aanwezigheid voor Wiskunde op 17-05-19 is op afwezig gezet.', 0, '2017-05-20 13:29:40'),
(2559, 193, 562, 'Aanwezigheid voor Wiskunde op 17-05-19 is op aanwezig gezet.', 0, '2017-05-20 13:29:40'),
(2560, 193, 563, 'Aanwezigheid voor Wiskunde op 17-05-19 is op aanwezig gezet.', 0, '2017-05-20 13:29:40'),
(2561, 193, 564, 'Aanwezigheid voor Wiskunde op 17-05-19 is op aanwezig gezet.', 0, '2017-05-20 13:29:40'),
(2562, 193, 565, 'Aanwezigheid voor Wiskunde op 17-05-19 is op aanwezig gezet.', 0, '2017-05-20 13:29:40'),
(2563, 193, 566, 'Aanwezigheid voor Wiskunde op 17-05-19 is op aanwezig gezet.', 0, '2017-05-20 13:29:40'),
(2564, 193, 567, 'Aanwezigheid voor Wiskunde op 17-05-19 is op aanwezig gezet.', 0, '2017-05-20 13:29:40'),
(2565, 193, 568, 'Aanwezigheid voor Wiskunde op 17-05-19 is op aanwezig gezet.', 0, '2017-05-20 13:29:40'),
(2566, 193, 569, 'Aanwezigheid voor Wiskunde op 17-05-19 is op aanwezig gezet.', 0, '2017-05-20 13:29:40'),
(2567, 193, 570, 'Aanwezigheid voor Wiskunde op 17-05-19 is op aanwezig gezet.', 0, '2017-05-20 13:29:40'),
(2568, 193, 571, 'Aanwezigheid voor Wiskunde op 17-05-19 is op aanwezig gezet.', 0, '2017-05-20 13:29:40'),
(2569, 193, 561, 'Aanwezigheid voor Wiskunde op 17-05-19 is op afwezig gezet.', 0, '2017-05-24 11:38:22'),
(2570, 193, 562, 'Aanwezigheid voor Wiskunde op 17-05-19 is op aanwezig gezet.', 0, '2017-05-24 11:38:22'),
(2571, 193, 563, 'Aanwezigheid voor Wiskunde op 17-05-19 is op aanwezig gezet.', 0, '2017-05-24 11:38:22'),
(2572, 193, 564, 'Aanwezigheid voor Wiskunde op 17-05-19 is op aanwezig gezet.', 0, '2017-05-24 11:38:22'),
(2573, 193, 565, 'Aanwezigheid voor Wiskunde op 17-05-19 is op afwezig gezet.', 0, '2017-05-24 11:38:22'),
(2574, 193, 566, 'Aanwezigheid voor Wiskunde op 17-05-19 is op aanwezig gezet.', 0, '2017-05-24 11:38:22'),
(2575, 193, 567, 'Aanwezigheid voor Wiskunde op 17-05-19 is op afwezig gezet.', 0, '2017-05-24 11:38:22'),
(2576, 193, 568, 'Aanwezigheid voor Wiskunde op 17-05-19 is op afwezig gezet.', 0, '2017-05-24 11:38:22'),
(2577, 193, 569, 'Aanwezigheid voor Wiskunde op 17-05-19 is op aanwezig gezet.', 0, '2017-05-24 11:38:22'),
(2578, 193, 570, 'Aanwezigheid voor Wiskunde op 17-05-19 is op aanwezig gezet.', 0, '2017-05-24 11:38:22'),
(2579, 193, 571, 'Aanwezigheid voor Wiskunde op 17-05-19 is op aanwezig gezet.', 0, '2017-05-24 11:38:22'),
(2580, 193, 583, 'Aanwezigheid voor Webdev op 17-05-19 is op afwezig gezet.', 0, '2017-05-24 11:38:38'),
(2581, 193, 584, 'Aanwezigheid voor Webdev op 17-05-19 is op afwezig gezet.', 0, '2017-05-24 11:38:38'),
(2582, 193, 585, 'Aanwezigheid voor Webdev op 17-05-19 is op aanwezig gezet.', 0, '2017-05-24 11:38:38'),
(2583, 193, 586, 'Aanwezigheid voor Webdev op 17-05-19 is op aanwezig gezet.', 0, '2017-05-24 11:38:38'),
(2584, 193, 587, 'Aanwezigheid voor Webdev op 17-05-19 is op aanwezig gezet.', 0, '2017-05-24 11:38:38'),
(2585, 193, 588, 'Aanwezigheid voor Webdev op 17-05-19 is op aanwezig gezet.', 0, '2017-05-24 11:38:38'),
(2586, 193, 589, 'Aanwezigheid voor Webdev op 17-05-19 is op aanwezig gezet.', 0, '2017-05-24 11:38:38'),
(2587, 193, 590, 'Aanwezigheid voor Webdev op 17-05-19 is op afwezig gezet.', 0, '2017-05-24 11:38:38'),
(2588, 193, 591, 'Aanwezigheid voor Webdev op 17-05-19 is op afwezig gezet.', 0, '2017-05-24 11:38:38'),
(2589, 193, 592, 'Aanwezigheid voor Webdev op 17-05-19 is op aanwezig gezet.', 0, '2017-05-24 11:38:38'),
(2590, 193, 593, 'Aanwezigheid voor Webdev op 17-05-19 is op aanwezig gezet.', 0, '2017-05-24 11:38:38'),
(2591, 193, 594, 'Aanwezigheid voor Webdev op 17-05-19 is op aanwezig gezet.', 0, '2017-05-24 11:38:38'),
(2592, 193, 595, 'Aanwezigheid voor Webdev op 17-05-19 is op aanwezig gezet.', 0, '2017-05-24 11:38:38'),
(2593, 193, 572, 'Aanwezigheid voor Nederlands op 17-05-19 is op afwezig gezet.', 0, '2017-05-24 11:38:48'),
(2594, 193, 573, 'Aanwezigheid voor Nederlands op 17-05-19 is op aanwezig gezet.', 0, '2017-05-24 11:38:48'),
(2595, 193, 574, 'Aanwezigheid voor Nederlands op 17-05-19 is op aanwezig gezet.', 0, '2017-05-24 11:38:48'),
(2596, 193, 575, 'Aanwezigheid voor Nederlands op 17-05-19 is op aanwezig gezet.', 0, '2017-05-24 11:38:48'),
(2597, 193, 576, 'Aanwezigheid voor Nederlands op 17-05-19 is op aanwezig gezet.', 0, '2017-05-24 11:38:48'),
(2598, 193, 577, 'Aanwezigheid voor Nederlands op 17-05-19 is op aanwezig gezet.', 0, '2017-05-24 11:38:49'),
(2599, 193, 578, 'Aanwezigheid voor Nederlands op 17-05-19 is op aanwezig gezet.', 0, '2017-05-24 11:38:49'),
(2600, 193, 579, 'Aanwezigheid voor Nederlands op 17-05-19 is op aanwezig gezet.', 0, '2017-05-24 11:38:49'),
(2601, 193, 580, 'Aanwezigheid voor Nederlands op 17-05-19 is op afwezig gezet.', 0, '2017-05-24 11:38:49'),
(2602, 193, 581, 'Aanwezigheid voor Nederlands op 17-05-19 is op afwezig gezet.', 0, '2017-05-24 11:38:49'),
(2603, 193, 582, 'Aanwezigheid voor Nederlands op 17-05-19 is op aanwezig gezet.', 0, '2017-05-24 11:38:49'),
(2604, 193, 561, 'Aanwezigheid voor Nederlands op 17-05-19 is op afwezig gezet.', 0, '2017-05-24 11:39:00'),
(2605, 193, 562, 'Aanwezigheid voor Nederlands op 17-05-19 is op afwezig gezet.', 0, '2017-05-24 11:39:00'),
(2606, 193, 563, 'Aanwezigheid voor Nederlands op 17-05-19 is op aanwezig gezet.', 0, '2017-05-24 11:39:00'),
(2607, 193, 564, 'Aanwezigheid voor Nederlands op 17-05-19 is op aanwezig gezet.', 0, '2017-05-24 11:39:00'),
(2608, 193, 565, 'Aanwezigheid voor Nederlands op 17-05-19 is op aanwezig gezet.', 0, '2017-05-24 11:39:00'),
(2609, 193, 566, 'Aanwezigheid voor Nederlands op 17-05-19 is op aanwezig gezet.', 0, '2017-05-24 11:39:00'),
(2610, 193, 567, 'Aanwezigheid voor Nederlands op 17-05-19 is op aanwezig gezet.', 0, '2017-05-24 11:39:00'),
(2611, 193, 568, 'Aanwezigheid voor Nederlands op 17-05-19 is op aanwezig gezet.', 0, '2017-05-24 11:39:00'),
(2612, 193, 569, 'Aanwezigheid voor Nederlands op 17-05-19 is op aanwezig gezet.', 0, '2017-05-24 11:39:00'),
(2613, 193, 570, 'Aanwezigheid voor Nederlands op 17-05-19 is op aanwezig gezet.', 0, '2017-05-24 11:39:00'),
(2614, 193, 571, 'Aanwezigheid voor Nederlands op 17-05-19 is op aanwezig gezet.', 0, '2017-05-24 11:39:00'),
(2615, 193, 583, 'Aanwezigheid voor Engels op 17-05-19 is op afwezig gezet.', 0, '2017-05-24 11:39:12'),
(2616, 193, 584, 'Aanwezigheid voor Engels op 17-05-19 is op aanwezig gezet.', 0, '2017-05-24 11:39:12'),
(2617, 193, 585, 'Aanwezigheid voor Engels op 17-05-19 is op aanwezig gezet.', 0, '2017-05-24 11:39:12'),
(2618, 193, 586, 'Aanwezigheid voor Engels op 17-05-19 is op aanwezig gezet.', 0, '2017-05-24 11:39:12'),
(2619, 193, 587, 'Aanwezigheid voor Engels op 17-05-19 is op aanwezig gezet.', 0, '2017-05-24 11:39:12'),
(2620, 193, 588, 'Aanwezigheid voor Engels op 17-05-19 is op aanwezig gezet.', 0, '2017-05-24 11:39:12'),
(2621, 193, 589, 'Aanwezigheid voor Engels op 17-05-19 is op aanwezig gezet.', 0, '2017-05-24 11:39:12'),
(2622, 193, 590, 'Aanwezigheid voor Engels op 17-05-19 is op aanwezig gezet.', 0, '2017-05-24 11:39:12'),
(2623, 193, 591, 'Aanwezigheid voor Engels op 17-05-19 is op aanwezig gezet.', 0, '2017-05-24 11:39:12'),
(2624, 193, 592, 'Aanwezigheid voor Engels op 17-05-19 is op aanwezig gezet.', 0, '2017-05-24 11:39:12'),
(2625, 193, 593, 'Aanwezigheid voor Engels op 17-05-19 is op aanwezig gezet.', 0, '2017-05-24 11:39:12'),
(2626, 193, 594, 'Aanwezigheid voor Engels op 17-05-19 is op aanwezig gezet.', 0, '2017-05-24 11:39:12'),
(2627, 193, 595, 'Aanwezigheid voor Engels op 17-05-19 is op aanwezig gezet.', 0, '2017-05-24 11:39:12'),
(2628, 193, 572, 'Aanwezigheid voor Wiskunde op 17-05-19 is op aanwezig gezet.', 0, '2017-05-24 11:39:30'),
(2629, 193, 573, 'Aanwezigheid voor Wiskunde op 17-05-19 is op aanwezig gezet.', 0, '2017-05-24 11:39:30'),
(2630, 193, 574, 'Aanwezigheid voor Wiskunde op 17-05-19 is op afwezig gezet.', 0, '2017-05-24 11:39:30'),
(2631, 193, 575, 'Aanwezigheid voor Wiskunde op 17-05-19 is op afwezig gezet.', 0, '2017-05-24 11:39:30'),
(2632, 193, 576, 'Aanwezigheid voor Wiskunde op 17-05-19 is op afwezig gezet.', 0, '2017-05-24 11:39:30'),
(2633, 193, 577, 'Aanwezigheid voor Wiskunde op 17-05-19 is op aanwezig gezet.', 0, '2017-05-24 11:39:30'),
(2634, 193, 578, 'Aanwezigheid voor Wiskunde op 17-05-19 is op aanwezig gezet.', 0, '2017-05-24 11:39:30'),
(2635, 193, 579, 'Aanwezigheid voor Wiskunde op 17-05-19 is op aanwezig gezet.', 0, '2017-05-24 11:39:30'),
(2636, 193, 580, 'Aanwezigheid voor Wiskunde op 17-05-19 is op aanwezig gezet.', 0, '2017-05-24 11:39:30'),
(2637, 193, 581, 'Aanwezigheid voor Wiskunde op 17-05-19 is op aanwezig gezet.', 0, '2017-05-24 11:39:30'),
(2638, 193, 582, 'Aanwezigheid voor Wiskunde op 17-05-19 is op aanwezig gezet.', 0, '2017-05-24 11:39:30'),
(2639, 193, 561, 'Aanwezigheid voor Engels op 17-05-19 is op aanwezig gezet.', 0, '2017-05-24 11:39:59'),
(2640, 193, 562, 'Aanwezigheid voor Engels op 17-05-19 is op afwezig gezet.', 0, '2017-05-24 11:40:00'),
(2641, 193, 563, 'Aanwezigheid voor Engels op 17-05-19 is op afwezig gezet.', 0, '2017-05-24 11:40:00'),
(2642, 193, 564, 'Aanwezigheid voor Engels op 17-05-19 is op aanwezig gezet.', 0, '2017-05-24 11:40:00'),
(2643, 193, 565, 'Aanwezigheid voor Engels op 17-05-19 is op aanwezig gezet.', 0, '2017-05-24 11:40:00'),
(2644, 193, 566, 'Aanwezigheid voor Engels op 17-05-19 is op aanwezig gezet.', 0, '2017-05-24 11:40:00'),
(2645, 193, 567, 'Aanwezigheid voor Engels op 17-05-19 is op afwezig gezet.', 0, '2017-05-24 11:40:00'),
(2646, 193, 568, 'Aanwezigheid voor Engels op 17-05-19 is op aanwezig gezet.', 0, '2017-05-24 11:40:00'),
(2647, 193, 569, 'Aanwezigheid voor Engels op 17-05-19 is op aanwezig gezet.', 0, '2017-05-24 11:40:00'),
(2648, 193, 570, 'Aanwezigheid voor Engels op 17-05-19 is op aanwezig gezet.', 0, '2017-05-24 11:40:00'),
(2649, 193, 571, 'Aanwezigheid voor Engels op 17-05-19 is op aanwezig gezet.', 0, '2017-05-24 11:40:00'),
(2650, 193, 572, 'Aanwezigheid voor Webdev op 17-05-19 is op afwezig gezet.', 0, '2017-05-24 11:40:13'),
(2651, 193, 573, 'Aanwezigheid voor Webdev op 17-05-19 is op aanwezig gezet.', 0, '2017-05-24 11:40:13'),
(2652, 193, 574, 'Aanwezigheid voor Webdev op 17-05-19 is op afwezig gezet.', 0, '2017-05-24 11:40:13'),
(2653, 193, 575, 'Aanwezigheid voor Webdev op 17-05-19 is op aanwezig gezet.', 0, '2017-05-24 11:40:13'),
(2654, 193, 576, 'Aanwezigheid voor Webdev op 17-05-19 is op aanwezig gezet.', 0, '2017-05-24 11:40:13'),
(2655, 193, 577, 'Aanwezigheid voor Webdev op 17-05-19 is op aanwezig gezet.', 0, '2017-05-24 11:40:13'),
(2656, 193, 578, 'Aanwezigheid voor Webdev op 17-05-19 is op aanwezig gezet.', 0, '2017-05-24 11:40:13'),
(2657, 193, 579, 'Aanwezigheid voor Webdev op 17-05-19 is op aanwezig gezet.', 0, '2017-05-24 11:40:13'),
(2658, 193, 580, 'Aanwezigheid voor Webdev op 17-05-19 is op aanwezig gezet.', 0, '2017-05-24 11:40:13'),
(2659, 193, 581, 'Aanwezigheid voor Webdev op 17-05-19 is op aanwezig gezet.', 0, '2017-05-24 11:40:13'),
(2660, 193, 582, 'Aanwezigheid voor Webdev op 17-05-19 is op aanwezig gezet.', 0, '2017-05-24 11:40:13'),
(2661, 193, 561, 'Aanwezigheid voor Wiskunde op 17-05-21 is op afwezig gezet.', 0, '2017-05-24 11:40:28'),
(2662, 193, 562, 'Aanwezigheid voor Wiskunde op 17-05-21 is op aanwezig gezet.', 0, '2017-05-24 11:40:28'),
(2663, 193, 563, 'Aanwezigheid voor Wiskunde op 17-05-21 is op afwezig gezet.', 0, '2017-05-24 11:40:28'),
(2664, 193, 564, 'Aanwezigheid voor Wiskunde op 17-05-21 is op aanwezig gezet.', 0, '2017-05-24 11:40:28'),
(2665, 193, 565, 'Aanwezigheid voor Wiskunde op 17-05-21 is op aanwezig gezet.', 0, '2017-05-24 11:40:28'),
(2666, 193, 566, 'Aanwezigheid voor Wiskunde op 17-05-21 is op aanwezig gezet.', 0, '2017-05-24 11:40:28'),
(2667, 193, 567, 'Aanwezigheid voor Wiskunde op 17-05-21 is op aanwezig gezet.', 0, '2017-05-24 11:40:29'),
(2668, 193, 568, 'Aanwezigheid voor Wiskunde op 17-05-21 is op aanwezig gezet.', 0, '2017-05-24 11:40:29'),
(2669, 193, 569, 'Aanwezigheid voor Wiskunde op 17-05-21 is op aanwezig gezet.', 0, '2017-05-24 11:40:29'),
(2670, 193, 570, 'Aanwezigheid voor Wiskunde op 17-05-21 is op aanwezig gezet.', 0, '2017-05-24 11:40:29'),
(2671, 193, 571, 'Aanwezigheid voor Wiskunde op 17-05-21 is op aanwezig gezet.', 0, '2017-05-24 11:40:29'),
(2672, 193, 583, 'Aanwezigheid voor Webdev op 17-05-21 is op aanwezig gezet.', 0, '2017-05-24 11:40:43'),
(2673, 193, 584, 'Aanwezigheid voor Webdev op 17-05-21 is op aanwezig gezet.', 0, '2017-05-24 11:40:43'),
(2674, 193, 585, 'Aanwezigheid voor Webdev op 17-05-21 is op aanwezig gezet.', 0, '2017-05-24 11:40:43'),
(2675, 193, 586, 'Aanwezigheid voor Webdev op 17-05-21 is op afwezig gezet.', 0, '2017-05-24 11:40:43'),
(2676, 193, 587, 'Aanwezigheid voor Webdev op 17-05-21 is op aanwezig gezet.', 0, '2017-05-24 11:40:43'),
(2677, 193, 588, 'Aanwezigheid voor Webdev op 17-05-21 is op afwezig gezet.', 0, '2017-05-24 11:40:43'),
(2678, 193, 589, 'Aanwezigheid voor Webdev op 17-05-21 is op aanwezig gezet.', 0, '2017-05-24 11:40:43'),
(2679, 193, 590, 'Aanwezigheid voor Webdev op 17-05-21 is op aanwezig gezet.', 0, '2017-05-24 11:40:43'),
(2680, 193, 591, 'Aanwezigheid voor Webdev op 17-05-21 is op aanwezig gezet.', 0, '2017-05-24 11:40:43'),
(2681, 193, 592, 'Aanwezigheid voor Webdev op 17-05-21 is op aanwezig gezet.', 0, '2017-05-24 11:40:43'),
(2682, 193, 593, 'Aanwezigheid voor Webdev op 17-05-21 is op afwezig gezet.', 0, '2017-05-24 11:40:43'),
(2683, 193, 594, 'Aanwezigheid voor Webdev op 17-05-21 is op afwezig gezet.', 0, '2017-05-24 11:40:43'),
(2684, 193, 595, 'Aanwezigheid voor Webdev op 17-05-21 is op aanwezig gezet.', 0, '2017-05-24 11:40:43'),
(2685, 193, 572, 'Aanwezigheid voor Nederlands op 17-05-21 is op aanwezig gezet.', 0, '2017-05-24 11:41:00'),
(2686, 193, 573, 'Aanwezigheid voor Nederlands op 17-05-21 is op aanwezig gezet.', 0, '2017-05-24 11:41:00'),
(2687, 193, 574, 'Aanwezigheid voor Nederlands op 17-05-21 is op aanwezig gezet.', 0, '2017-05-24 11:41:00'),
(2688, 193, 575, 'Aanwezigheid voor Nederlands op 17-05-21 is op aanwezig gezet.', 0, '2017-05-24 11:41:00'),
(2689, 193, 576, 'Aanwezigheid voor Nederlands op 17-05-21 is op afwezig gezet.', 0, '2017-05-24 11:41:00'),
(2690, 193, 577, 'Aanwezigheid voor Nederlands op 17-05-21 is op afwezig gezet.', 0, '2017-05-24 11:41:00'),
(2691, 193, 578, 'Aanwezigheid voor Nederlands op 17-05-21 is op aanwezig gezet.', 0, '2017-05-24 11:41:00'),
(2692, 193, 579, 'Aanwezigheid voor Nederlands op 17-05-21 is op aanwezig gezet.', 0, '2017-05-24 11:41:00'),
(2693, 193, 580, 'Aanwezigheid voor Nederlands op 17-05-21 is op afwezig gezet.', 0, '2017-05-24 11:41:00'),
(2694, 193, 581, 'Aanwezigheid voor Nederlands op 17-05-21 is op aanwezig gezet.', 0, '2017-05-24 11:41:00'),
(2695, 193, 582, 'Aanwezigheid voor Nederlands op 17-05-21 is op aanwezig gezet.', 0, '2017-05-24 11:41:00'),
(2696, 193, 583, 'Aanwezigheid voor Engels op 17-05-21 is op aanwezig gezet.', 0, '2017-05-24 11:41:14'),
(2697, 193, 584, 'Aanwezigheid voor Engels op 17-05-21 is op aanwezig gezet.', 0, '2017-05-24 11:41:14'),
(2698, 193, 585, 'Aanwezigheid voor Engels op 17-05-21 is op aanwezig gezet.', 0, '2017-05-24 11:41:14'),
(2699, 193, 586, 'Aanwezigheid voor Engels op 17-05-21 is op afwezig gezet.', 0, '2017-05-24 11:41:14'),
(2700, 193, 587, 'Aanwezigheid voor Engels op 17-05-21 is op aanwezig gezet.', 0, '2017-05-24 11:41:14'),
(2701, 193, 588, 'Aanwezigheid voor Engels op 17-05-21 is op afwezig gezet.', 0, '2017-05-24 11:41:14'),
(2702, 193, 589, 'Aanwezigheid voor Engels op 17-05-21 is op aanwezig gezet.', 0, '2017-05-24 11:41:14'),
(2703, 193, 590, 'Aanwezigheid voor Engels op 17-05-21 is op aanwezig gezet.', 0, '2017-05-24 11:41:14'),
(2704, 193, 591, 'Aanwezigheid voor Engels op 17-05-21 is op afwezig gezet.', 0, '2017-05-24 11:41:14'),
(2705, 193, 592, 'Aanwezigheid voor Engels op 17-05-21 is op aanwezig gezet.', 0, '2017-05-24 11:41:14'),
(2706, 193, 593, 'Aanwezigheid voor Engels op 17-05-21 is op aanwezig gezet.', 0, '2017-05-24 11:41:14'),
(2707, 193, 594, 'Aanwezigheid voor Engels op 17-05-21 is op aanwezig gezet.', 0, '2017-05-24 11:41:14'),
(2708, 193, 595, 'Aanwezigheid voor Engels op 17-05-21 is op aanwezig gezet.', 0, '2017-05-24 11:41:14'),
(2709, 0, 10, 'Account aan groep gekoppeld.', 1, '2017-05-29 13:54:43'),
(2710, 0, 10, 'Account gewijzigd.', 1, '2017-05-29 13:54:43'),
(2711, 0, 10, 'Account aan groep gekoppeld.', 1, '2017-05-29 14:22:03'),
(2712, 0, 10, 'Account gewijzigd.', 1, '2017-05-29 14:22:03'),
(2713, 0, 10, 'Account aan groep gekoppeld.', 1, '2017-05-29 14:24:56'),
(2714, 0, 10, 'Account gewijzigd.', 1, '2017-05-29 14:24:56'),
(2715, 0, 10, 'Account aan groep gekoppeld.', 1, '2017-05-29 14:32:43'),
(2716, 0, 10, 'Account gewijzigd.', 1, '2017-05-29 14:32:43');

-- --------------------------------------------------------

--
-- Tabelstructuur voor tabel `presence`
--

CREATE TABLE `presence` (
  `id` int(10) NOT NULL,
  `present` int(10) NOT NULL,
  `user_id` int(10) NOT NULL,
  `lecture_id` int(10) NOT NULL,
  `reason` text
) ENGINE=InnoDB DEFAULT CHARSET=latin1;

--
-- Gegevens worden geëxporteerd voor tabel `presence`
--

INSERT INTO `presence` (`id`, `present`, `user_id`, `lecture_id`, `reason`) VALUES
(93, 0, 561, 59, ''),
(94, 1, 562, 59, ''),
(95, 1, 563, 59, ''),
(96, 1, 564, 59, ''),
(97, 0, 565, 59, ''),
(98, 1, 566, 59, ''),
(99, 0, 567, 59, ''),
(100, 0, 568, 59, ''),
(101, 1, 569, 59, ''),
(102, 1, 570, 59, ''),
(103, 1, 571, 59, ''),
(104, 0, 583, 67, ''),
(105, 0, 584, 67, ''),
(106, 1, 585, 67, ''),
(107, 1, 586, 67, ''),
(108, 1, 587, 67, ''),
(109, 1, 588, 67, ''),
(110, 1, 589, 67, ''),
(111, 0, 590, 67, ''),
(112, 0, 591, 67, ''),
(113, 1, 592, 67, ''),
(114, 1, 593, 67, ''),
(115, 1, 594, 67, ''),
(116, 1, 595, 67, ''),
(117, 0, 572, 63, ''),
(118, 1, 573, 63, ''),
(119, 1, 574, 63, ''),
(120, 1, 575, 63, ''),
(121, 1, 576, 63, ''),
(122, 1, 577, 63, ''),
(123, 1, 578, 63, ''),
(124, 1, 579, 63, ''),
(125, 0, 580, 63, ''),
(126, 0, 581, 63, ''),
(127, 1, 582, 63, ''),
(128, 0, 561, 60, ''),
(129, 0, 562, 60, ''),
(130, 1, 563, 60, ''),
(131, 1, 564, 60, ''),
(132, 1, 565, 60, ''),
(133, 1, 566, 60, ''),
(134, 1, 567, 60, ''),
(135, 1, 568, 60, ''),
(136, 1, 569, 60, ''),
(137, 1, 570, 60, ''),
(138, 1, 571, 60, ''),
(139, 0, 583, 68, ''),
(140, 1, 584, 68, ''),
(141, 1, 585, 68, ''),
(142, 1, 586, 68, ''),
(143, 1, 587, 68, ''),
(144, 1, 588, 68, ''),
(145, 1, 589, 68, ''),
(146, 1, 590, 68, ''),
(147, 1, 591, 68, ''),
(148, 1, 592, 68, ''),
(149, 1, 593, 68, ''),
(150, 1, 594, 68, ''),
(151, 1, 595, 68, ''),
(152, 1, 572, 64, ''),
(153, 1, 573, 64, ''),
(154, 0, 574, 64, ''),
(155, 0, 575, 64, ''),
(156, 0, 576, 64, ''),
(157, 1, 577, 64, ''),
(158, 1, 578, 64, ''),
(159, 1, 579, 64, ''),
(160, 1, 580, 64, ''),
(161, 1, 581, 64, ''),
(162, 1, 582, 64, ''),
(163, 1, 561, 61, ''),
(164, 0, 562, 61, ''),
(165, 0, 563, 61, ''),
(166, 1, 564, 61, ''),
(167, 1, 565, 61, ''),
(168, 1, 566, 61, ''),
(169, 0, 567, 61, ''),
(170, 1, 568, 61, ''),
(171, 1, 569, 61, ''),
(172, 1, 570, 61, ''),
(173, 1, 571, 61, ''),
(174, 0, 572, 65, ''),
(175, 1, 573, 65, ''),
(176, 0, 574, 65, ''),
(177, 1, 575, 65, ''),
(178, 1, 576, 65, ''),
(179, 1, 577, 65, ''),
(180, 1, 578, 65, ''),
(181, 1, 579, 65, ''),
(182, 1, 580, 65, ''),
(183, 1, 581, 65, ''),
(184, 1, 582, 65, ''),
(185, 0, 561, 71, ''),
(186, 1, 562, 71, ''),
(187, 0, 563, 71, ''),
(188, 1, 564, 71, ''),
(189, 1, 565, 71, ''),
(190, 1, 566, 71, ''),
(191, 1, 567, 71, ''),
(192, 1, 568, 71, ''),
(193, 1, 569, 71, ''),
(194, 1, 570, 71, ''),
(195, 1, 571, 71, ''),
(196, 1, 583, 79, ''),
(197, 1, 584, 79, ''),
(198, 1, 585, 79, ''),
(199, 0, 586, 79, ''),
(200, 1, 587, 79, ''),
(201, 0, 588, 79, ''),
(202, 1, 589, 79, ''),
(203, 1, 590, 79, ''),
(204, 1, 591, 79, ''),
(205, 1, 592, 79, ''),
(206, 0, 593, 79, ''),
(207, 0, 594, 79, ''),
(208, 1, 595, 79, ''),
(209, 1, 572, 75, ''),
(210, 1, 573, 75, ''),
(211, 1, 574, 75, ''),
(212, 1, 575, 75, ''),
(213, 0, 576, 75, ''),
(214, 0, 577, 75, ''),
(215, 1, 578, 75, ''),
(216, 1, 579, 75, ''),
(217, 0, 580, 75, ''),
(218, 1, 581, 75, ''),
(219, 1, 582, 75, ''),
(220, 1, 583, 80, ''),
(221, 1, 584, 80, ''),
(222, 1, 585, 80, ''),
(223, 0, 586, 80, ''),
(224, 1, 587, 80, ''),
(225, 0, 588, 80, ''),
(226, 1, 589, 80, ''),
(227, 1, 590, 80, ''),
(228, 0, 591, 80, ''),
(229, 1, 592, 80, ''),
(230, 1, 593, 80, ''),
(231, 1, 594, 80, ''),
(232, 1, 595, 80, '');

-- --------------------------------------------------------

--
-- Tabelstructuur voor tabel `roles`
--

CREATE TABLE `roles` (
  `id` int(11) UNSIGNED NOT NULL,
  `title` varchar(255) DEFAULT NULL,
  `users` int(11) DEFAULT NULL,
  `presence` int(11) DEFAULT NULL,
  `lectures` int(11) DEFAULT NULL,
  `groups` int(11) DEFAULT NULL,
  `rooms` int(11) DEFAULT NULL
) ENGINE=InnoDB DEFAULT CHARSET=latin1;

--
-- Gegevens worden geëxporteerd voor tabel `roles`
--

INSERT INTO `roles` (`id`, `title`, `users`, `presence`, `lectures`, `groups`, `rooms`) VALUES
(1, 'Administratie', 1, 1, 1, 1, 1),
(3, 'Test', 1, 1, 1, 1, 1),
(4, 'Test', 0, 1, 1, 1, 1);

-- --------------------------------------------------------

--
-- Tabelstructuur voor tabel `rooms`
--

CREATE TABLE `rooms` (
  `id` int(10) NOT NULL,
  `locatie` varchar(255) NOT NULL,
  `number` varchar(25) NOT NULL DEFAULT ''
) ENGINE=InnoDB DEFAULT CHARSET=latin1;

--
-- Gegevens worden geëxporteerd voor tabel `rooms`
--

INSERT INTO `rooms` (`id`, `locatie`, `number`) VALUES
(1, 'Lokaal op Windesheim college op de 7e etaga', 'AL 7.56'),
(2, 'Lokaal op Windesheim college op de 7e etaga', 'AL 7.54'),
(3, 'Lokaal op Windesheim college op de 7e etaga', 'AL 7.04'),
(4, 'Lokaal op Windesheim college op de 7e etaga', 'AL 7.02');

-- --------------------------------------------------------

--
-- Tabelstructuur voor tabel `users`
--

CREATE TABLE `users` (
  `id` int(10) NOT NULL,
  `firstname` varchar(255) NOT NULL,
  `lastname` varchar(255) NOT NULL,
  `user_number` varchar(10) NOT NULL,
  `email` varchar(255) NOT NULL,
  `password` varchar(255) NOT NULL
) ENGINE=InnoDB DEFAULT CHARSET=latin1;

--
-- Gegevens worden geëxporteerd voor tabel `users`
--

INSERT INTO `users` (`id`, `firstname`, `lastname`, `user_number`, `email`, `password`) VALUES
(3, 'Jesse', 'de boer', '12312424', 'Jesse@123.nl', '$2y$10$HEEW0un9viWTmZDwL9eCuuKK7k02oYexZOHrwpeO5b7LFOmVTS84a'),
(9, 'Nawab', 'Samoedj', '123', '123', '$2y$10$HEEW0un9viWTmZDwL9eCuuKK7k02oYexZOHrwpeO5b7LFOmVTS84a'),
(10, 'Tom', 'Van den noort', '1234', 'tvdn24@gmail.com', '$2y$10$.UeNKFMTbX.65rMzJTXQ6eX4GdWVxnI0k1dpavPAYUqE6TCj4a9Lu'),
(11, 'Erkam', 'Semen', '12345', 'Erkam@123.nl', '$2y$10$HEEW0un9viWTmZDwL9eCuuKK7k02oYexZOHrwpeO5b7LFOmVTS84a'),
(12, 'Dirk', 'Van den Broek', '123456', 'Dirk@123.nl', '$2y$10$HEEW0un9viWTmZDwL9eCuuKK7k02oYexZOHrwpeO5b7LFOmVTS84a'),
(193, 'Gerron', 'Bos', 's1101696', 'gerronbos4@hotmail.com', '$2y$10$HEEW0un9viWTmZDwL9eCuuKK7k02oYexZOHrwpeO5b7LFOmVTS84a');

-- --------------------------------------------------------

--
-- Tabelstructuur voor tabel `user_password_reset`
--

CREATE TABLE `user_password_reset` (
  `id` int(11) NOT NULL,
  `token` varchar(48) NOT NULL,
  `timestamp` datetime NOT NULL,
  `user_id` int(10) NOT NULL
) ENGINE=InnoDB DEFAULT CHARSET=latin1;

-- --------------------------------------------------------

--
-- Tabelstructuur voor tabel `user_roles`
--

CREATE TABLE `user_roles` (
  `id` int(11) UNSIGNED NOT NULL,
  `user_id` int(11) DEFAULT NULL,
  `user` int(11) DEFAULT NULL,
  `presence` int(11) DEFAULT NULL,
  `lectures` int(11) DEFAULT NULL,
  `groups` int(11) DEFAULT NULL,
  `rooms` int(11) DEFAULT NULL,
  `title` varchar(255) NOT NULL DEFAULT ''
) ENGINE=InnoDB DEFAULT CHARSET=latin1;

--
-- Gegevens worden geëxporteerd voor tabel `user_roles`
--

INSERT INTO `user_roles` (`id`, `user_id`, `user`, `presence`, `lectures`, `groups`, `rooms`, `title`) VALUES
(1, 11, 0, 1, 1, 0, 1, 'Gangster'),
(4, 193, 1, 1, 1, 1, 1, 'Test'),
(5, 10, 1, 1, 1, 1, 1, 'Test');

--
-- Indexen voor geëxporteerde tabellen
--

--
-- Indexen voor tabel `courses`
--
ALTER TABLE `courses`
  ADD PRIMARY KEY (`id`);

--
-- Indexen voor tabel `groups`
--
ALTER TABLE `groups`
  ADD PRIMARY KEY (`id`);

--
-- Indexen voor tabel `group_has_users`
--
ALTER TABLE `group_has_users`
  ADD PRIMARY KEY (`id`),
  ADD KEY `user_id` (`user_id`),
  ADD KEY `group_id` (`group_id`);

--
-- Indexen voor tabel `lectures`
--
ALTER TABLE `lectures`
  ADD PRIMARY KEY (`id`),
  ADD KEY `room_id` (`room_id`),
  ADD KEY `course_id` (`course_id`);

--
-- Indexen voor tabel `lecture_has_groups`
--
ALTER TABLE `lecture_has_groups`
  ADD PRIMARY KEY (`id`),
  ADD KEY `group_id` (`group_id`,`lecture_id`),
  ADD KEY `lecture_id` (`lecture_id`);

--
-- Indexen voor tabel `notifications`
--
ALTER TABLE `notifications`
  ADD PRIMARY KEY (`id`);

--
-- Indexen voor tabel `presence`
--
ALTER TABLE `presence`
  ADD PRIMARY KEY (`id`),
  ADD KEY `user_id` (`user_id`,`lecture_id`),
  ADD KEY `lecture_id` (`lecture_id`);

--
-- Indexen voor tabel `roles`
--
ALTER TABLE `roles`
  ADD PRIMARY KEY (`id`);

--
-- Indexen voor tabel `rooms`
--
ALTER TABLE `rooms`
  ADD PRIMARY KEY (`id`);

--
-- Indexen voor tabel `users`
--
ALTER TABLE `users`
  ADD PRIMARY KEY (`id`),
  ADD UNIQUE KEY `user_number` (`user_number`,`email`),
  ADD UNIQUE KEY `user_number_2` (`user_number`,`email`);

--
-- Indexen voor tabel `user_password_reset`
--
ALTER TABLE `user_password_reset`
  ADD PRIMARY KEY (`id`),
  ADD KEY `user_id` (`user_id`);

--
-- Indexen voor tabel `user_roles`
--
ALTER TABLE `user_roles`
  ADD PRIMARY KEY (`id`);

--
-- AUTO_INCREMENT voor geëxporteerde tabellen
--

--
-- AUTO_INCREMENT voor een tabel `courses`
--
ALTER TABLE `courses`
  MODIFY `id` int(10) NOT NULL AUTO_INCREMENT, AUTO_INCREMENT=5;
--
-- AUTO_INCREMENT voor een tabel `groups`
--
ALTER TABLE `groups`
  MODIFY `id` int(10) NOT NULL AUTO_INCREMENT, AUTO_INCREMENT=57;
--
-- AUTO_INCREMENT voor een tabel `group_has_users`
--
ALTER TABLE `group_has_users`
  MODIFY `id` int(11) UNSIGNED NOT NULL AUTO_INCREMENT, AUTO_INCREMENT=2099;
--
-- AUTO_INCREMENT voor een tabel `lectures`
--
ALTER TABLE `lectures`
  MODIFY `id` int(10) NOT NULL AUTO_INCREMENT, AUTO_INCREMENT=95;
--
-- AUTO_INCREMENT voor een tabel `lecture_has_groups`
--
ALTER TABLE `lecture_has_groups`
  MODIFY `id` int(10) UNSIGNED NOT NULL AUTO_INCREMENT, AUTO_INCREMENT=85;
--
-- AUTO_INCREMENT voor een tabel `notifications`
--
ALTER TABLE `notifications`
  MODIFY `id` int(11) NOT NULL AUTO_INCREMENT, AUTO_INCREMENT=2717;
--
-- AUTO_INCREMENT voor een tabel `presence`
--
ALTER TABLE `presence`
  MODIFY `id` int(10) NOT NULL AUTO_INCREMENT, AUTO_INCREMENT=233;
--
-- AUTO_INCREMENT voor een tabel `roles`
--
ALTER TABLE `roles`
  MODIFY `id` int(11) UNSIGNED NOT NULL AUTO_INCREMENT, AUTO_INCREMENT=5;
--
-- AUTO_INCREMENT voor een tabel `rooms`
--
ALTER TABLE `rooms`
  MODIFY `id` int(10) NOT NULL AUTO_INCREMENT, AUTO_INCREMENT=5;
--
-- AUTO_INCREMENT voor een tabel `users`
--
ALTER TABLE `users`
  MODIFY `id` int(10) NOT NULL AUTO_INCREMENT, AUTO_INCREMENT=194;
--
-- AUTO_INCREMENT voor een tabel `user_password_reset`
--
ALTER TABLE `user_password_reset`
  MODIFY `id` int(11) NOT NULL AUTO_INCREMENT;
--
-- AUTO_INCREMENT voor een tabel `user_roles`
--
ALTER TABLE `user_roles`
  MODIFY `id` int(11) UNSIGNED NOT NULL AUTO_INCREMENT, AUTO_INCREMENT=6;
/*!40101 SET CHARACTER_SET_CLIENT=@OLD_CHARACTER_SET_CLIENT */;
/*!40101 SET CHARACTER_SET_RESULTS=@OLD_CHARACTER_SET_RESULTS */;
/*!40101 SET COLLATION_CONNECTION=@OLD_COLLATION_CONNECTION */;
